<?xml version="1.0" encoding="UTF-8"?>
<questestinterop xmlns="http://www.imsglobal.org/xsd/ims_qtiasiv1p2" xmlns:xsi="http://www.w3.org/2001/XMLSchema-instance" xsi:schemaLocation="http://www.imsglobal.org/xsd/ims_qtiasiv1p2 http://www.imsglobal.org/xsd/ims_qtiasiv1p2p1.xsd">
  <assessment ident="text2qti_assessment_3c76f6e7f8faa6c64f1cf3b8d3bc1ba28d6c6764c237270acccd0d5a74dae363" title="Quiz">
    <qtimetadata>
      <qtimetadatafield>
        <fieldlabel>cc_maxattempts</fieldlabel>
        <fieldentry>1</fieldentry>
      </qtimetadatafield>
    </qtimetadata>
    <section ident="root_section">
      <item ident="text2qti_question_a13aa6db57036d7444c47bca0e6d5eae980040ef8fe235061634806f674d3a88" title="Question">
        <itemmetadata>
          <qtimetadata>
            <qtimetadatafield>
              <fieldlabel>question_type</fieldlabel>
              <fieldentry>true_false_question</fieldentry>
            </qtimetadatafield>
            <qtimetadatafield>
              <fieldlabel>points_possible</fieldlabel>
              <fieldentry>1</fieldentry>
            </qtimetadatafield>
            <qtimetadatafield>
              <fieldlabel>original_answer_ids</fieldlabel>
              <fieldentry>text2qti_choice_a81b7d4ddc636218d576b6c042a0e2de19fe11c533ffd927a9e1c2f1bba81eeb,text2qti_choice_f95572da93e514b7afb3ff43686ff8d1bc04588374a38f42a9edf1d05d2c72c8</fieldentry>
            </qtimetadatafield>
            <qtimetadatafield>
              <fieldlabel>assessment_question_identifierref</fieldlabel>
              <fieldentry>text2qti_question_ref_a13aa6db57036d7444c47bca0e6d5eae980040ef8fe235061634806f674d3a88</fieldentry>
            </qtimetadatafield>
          </qtimetadata>
        </itemmetadata>
        <presentation>
          <material>
            <mattext texttype="text/html">&lt;p&gt;At Standard Temperature and Pressure (STP), the temperature is 0°C and the pressure is 1 atm.&lt;/p&gt;</mattext>
          </material>
          <response_lid ident="response1" rcardinality="Single">
            <render_choice>
              <response_label ident="text2qti_choice_a81b7d4ddc636218d576b6c042a0e2de19fe11c533ffd927a9e1c2f1bba81eeb">
                <material>
                  <mattext texttype="text/html">&lt;p&gt;true&lt;/p&gt;</mattext>
                </material>
              </response_label>
              <response_label ident="text2qti_choice_f95572da93e514b7afb3ff43686ff8d1bc04588374a38f42a9edf1d05d2c72c8">
                <material>
                  <mattext texttype="text/html">&lt;p&gt;false&lt;/p&gt;</mattext>
                </material>
              </response_label>
            </render_choice>
          </response_lid>
        </presentation>
        <resprocessing>
          <outcomes>
            <decvar maxvalue="100" minvalue="0" varname="SCORE" vartype="Decimal"/>
          </outcomes>
          <respcondition continue="No">
            <conditionvar>
              <varequal respident="response1">text2qti_choice_a81b7d4ddc636218d576b6c042a0e2de19fe11c533ffd927a9e1c2f1bba81eeb</varequal>
            </conditionvar>
            <setvar action="Set" varname="SCORE">100</setvar>
          </respcondition>
        </resprocessing>
      </item>
      <item ident="text2qti_question_1353720362f1a1e2f0aa87513778d7ce1bd5ef1cac5b9439572da811270ecd1c" title="Question">
        <itemmetadata>
          <qtimetadata>
            <qtimetadatafield>
              <fieldlabel>question_type</fieldlabel>
              <fieldentry>true_false_question</fieldentry>
            </qtimetadatafield>
            <qtimetadatafield>
              <fieldlabel>points_possible</fieldlabel>
              <fieldentry>1</fieldentry>
            </qtimetadatafield>
            <qtimetadatafield>
              <fieldlabel>original_answer_ids</fieldlabel>
              <fieldentry>text2qti_choice_7cee1e3d5e72acec5814e0a2fc18d1e8f1c2ff3f95014b868e46aaa4acf4d96e,text2qti_choice_0f83e7bd72e89344a670f13acd85e1d109f5dce83a95aa8a75f229d98f6e832e</fieldentry>
            </qtimetadatafield>
            <qtimetadatafield>
              <fieldlabel>assessment_question_identifierref</fieldlabel>
              <fieldentry>text2qti_question_ref_1353720362f1a1e2f0aa87513778d7ce1bd5ef1cac5b9439572da811270ecd1c</fieldentry>
            </qtimetadatafield>
          </qtimetadata>
        </itemmetadata>
        <presentation>
          <material>
            <mattext texttype="text/html">&lt;p&gt;Boyle’s Law states that the pressure of a gas is directly proportional to its volume at constant temperature.&lt;/p&gt;</mattext>
          </material>
          <response_lid ident="response1" rcardinality="Single">
            <render_choice>
              <response_label ident="text2qti_choice_7cee1e3d5e72acec5814e0a2fc18d1e8f1c2ff3f95014b868e46aaa4acf4d96e">
                <material>
                  <mattext texttype="text/html">&lt;p&gt;true&lt;/p&gt;</mattext>
                </material>
              </response_label>
              <response_label ident="text2qti_choice_0f83e7bd72e89344a670f13acd85e1d109f5dce83a95aa8a75f229d98f6e832e">
                <material>
                  <mattext texttype="text/html">&lt;p&gt;false&lt;/p&gt;</mattext>
                </material>
              </response_label>
            </render_choice>
          </response_lid>
        </presentation>
        <resprocessing>
          <outcomes>
            <decvar maxvalue="100" minvalue="0" varname="SCORE" vartype="Decimal"/>
          </outcomes>
          <respcondition continue="No">
            <conditionvar>
              <varequal respident="response1">text2qti_choice_0f83e7bd72e89344a670f13acd85e1d109f5dce83a95aa8a75f229d98f6e832e</varequal>
            </conditionvar>
            <setvar action="Set" varname="SCORE">100</setvar>
          </respcondition>
        </resprocessing>
      </item>
      <item ident="text2qti_question_6d1c64707e72a8f1973fa6a62e0cff4e4cf30d142abb73c84a628442fa91a8fa" title="Question">
        <itemmetadata>
          <qtimetadata>
            <qtimetadatafield>
              <fieldlabel>question_type</fieldlabel>
              <fieldentry>true_false_question</fieldentry>
            </qtimetadatafield>
            <qtimetadatafield>
              <fieldlabel>points_possible</fieldlabel>
              <fieldentry>1</fieldentry>
            </qtimetadatafield>
            <qtimetadatafield>
              <fieldlabel>original_answer_ids</fieldlabel>
              <fieldentry>text2qti_choice_a74b01730d22762aeb6ee1351efd11965cb2f652a2018c3ca7a7064ffe7cf7ea,text2qti_choice_3ce006e9c14f395bf07ad5714c506798470ba5084b12e9211378736f36859e9e</fieldentry>
            </qtimetadatafield>
            <qtimetadatafield>
              <fieldlabel>assessment_question_identifierref</fieldlabel>
              <fieldentry>text2qti_question_ref_6d1c64707e72a8f1973fa6a62e0cff4e4cf30d142abb73c84a628442fa91a8fa</fieldentry>
            </qtimetadatafield>
          </qtimetadata>
        </itemmetadata>
        <presentation>
          <material>
            <mattext texttype="text/html">&lt;p&gt;A strong electrolyte completely dissociates into ions in aqueous solution.&lt;/p&gt;</mattext>
          </material>
          <response_lid ident="response1" rcardinality="Single">
            <render_choice>
              <response_label ident="text2qti_choice_a74b01730d22762aeb6ee1351efd11965cb2f652a2018c3ca7a7064ffe7cf7ea">
                <material>
                  <mattext texttype="text/html">&lt;p&gt;true&lt;/p&gt;</mattext>
                </material>
              </response_label>
              <response_label ident="text2qti_choice_3ce006e9c14f395bf07ad5714c506798470ba5084b12e9211378736f36859e9e">
                <material>
                  <mattext texttype="text/html">&lt;p&gt;false&lt;/p&gt;</mattext>
                </material>
              </response_label>
            </render_choice>
          </response_lid>
        </presentation>
        <resprocessing>
          <outcomes>
            <decvar maxvalue="100" minvalue="0" varname="SCORE" vartype="Decimal"/>
          </outcomes>
          <respcondition continue="No">
            <conditionvar>
              <varequal respident="response1">text2qti_choice_a74b01730d22762aeb6ee1351efd11965cb2f652a2018c3ca7a7064ffe7cf7ea</varequal>
            </conditionvar>
            <setvar action="Set" varname="SCORE">100</setvar>
          </respcondition>
        </resprocessing>
      </item>
      <item ident="text2qti_question_67273b69647d0338cf13da4d3010881a5e2b0e3d27cb11003b6e3689b43278fb" title="Question">
        <itemmetadata>
          <qtimetadata>
            <qtimetadatafield>
              <fieldlabel>question_type</fieldlabel>
              <fieldentry>true_false_question</fieldentry>
            </qtimetadatafield>
            <qtimetadatafield>
              <fieldlabel>points_possible</fieldlabel>
              <fieldentry>1</fieldentry>
            </qtimetadatafield>
            <qtimetadatafield>
              <fieldlabel>original_answer_ids</fieldlabel>
              <fieldentry>text2qti_choice_79c416b7857f7b3e8286717c3218c4c0ee301c11c3c05d30d8d364e51172ed58,text2qti_choice_6c0ce45641e3012876e46b0c7db9d9f5c7117884391c2ad2f84cb21ad9189ec1</fieldentry>
            </qtimetadatafield>
            <qtimetadatafield>
              <fieldlabel>assessment_question_identifierref</fieldlabel>
              <fieldentry>text2qti_question_ref_67273b69647d0338cf13da4d3010881a5e2b0e3d27cb11003b6e3689b43278fb</fieldentry>
            </qtimetadatafield>
          </qtimetadata>
        </itemmetadata>
        <presentation>
          <material>
            <mattext texttype="text/html">&lt;p&gt;Water molecules are nonpolar and therefore do not interact with ionic compounds.&lt;/p&gt;</mattext>
          </material>
          <response_lid ident="response1" rcardinality="Single">
            <render_choice>
              <response_label ident="text2qti_choice_79c416b7857f7b3e8286717c3218c4c0ee301c11c3c05d30d8d364e51172ed58">
                <material>
                  <mattext texttype="text/html">&lt;p&gt;true&lt;/p&gt;</mattext>
                </material>
              </response_label>
              <response_label ident="text2qti_choice_6c0ce45641e3012876e46b0c7db9d9f5c7117884391c2ad2f84cb21ad9189ec1">
                <material>
                  <mattext texttype="text/html">&lt;p&gt;false&lt;/p&gt;</mattext>
                </material>
              </response_label>
            </render_choice>
          </response_lid>
        </presentation>
        <resprocessing>
          <outcomes>
            <decvar maxvalue="100" minvalue="0" varname="SCORE" vartype="Decimal"/>
          </outcomes>
          <respcondition continue="No">
            <conditionvar>
              <varequal respident="response1">text2qti_choice_6c0ce45641e3012876e46b0c7db9d9f5c7117884391c2ad2f84cb21ad9189ec1</varequal>
            </conditionvar>
            <setvar action="Set" varname="SCORE">100</setvar>
          </respcondition>
        </resprocessing>
      </item>
      <item ident="text2qti_question_4e38335c5e36cc5b247ca26c93374d2c2aab1d43b5ec63565d4951be28dd63de" title="Question">
        <itemmetadata>
          <qtimetadata>
            <qtimetadatafield>
              <fieldlabel>question_type</fieldlabel>
              <fieldentry>true_false_question</fieldentry>
            </qtimetadatafield>
            <qtimetadatafield>
              <fieldlabel>points_possible</fieldlabel>
              <fieldentry>1</fieldentry>
            </qtimetadatafield>
            <qtimetadatafield>
              <fieldlabel>original_answer_ids</fieldlabel>
              <fieldentry>text2qti_choice_837ee61083da0a377e55f177d9b6c9286dc17a58a536cf60d663839000caf2bd,text2qti_choice_0ffb309f3982e45912e08046f9060549bece5d20b96ecb1b8240f87ca25af34b</fieldentry>
            </qtimetadatafield>
            <qtimetadatafield>
              <fieldlabel>assessment_question_identifierref</fieldlabel>
              <fieldentry>text2qti_question_ref_4e38335c5e36cc5b247ca26c93374d2c2aab1d43b5ec63565d4951be28dd63de</fieldentry>
            </qtimetadatafield>
          </qtimetadata>
        </itemmetadata>
        <presentation>
          <material>
            <mattext texttype="text/html">&lt;p&gt;In a chemical reaction, the substances that undergo change are called &lt;strong&gt;reactants&lt;/strong&gt;.&lt;/p&gt;</mattext>
          </material>
          <response_lid ident="response1" rcardinality="Single">
            <render_choice>
              <response_label ident="text2qti_choice_837ee61083da0a377e55f177d9b6c9286dc17a58a536cf60d663839000caf2bd">
                <material>
                  <mattext texttype="text/html">&lt;p&gt;true&lt;/p&gt;</mattext>
                </material>
              </response_label>
              <response_label ident="text2qti_choice_0ffb309f3982e45912e08046f9060549bece5d20b96ecb1b8240f87ca25af34b">
                <material>
                  <mattext texttype="text/html">&lt;p&gt;false&lt;/p&gt;</mattext>
                </material>
              </response_label>
            </render_choice>
          </response_lid>
        </presentation>
        <resprocessing>
          <outcomes>
            <decvar maxvalue="100" minvalue="0" varname="SCORE" vartype="Decimal"/>
          </outcomes>
          <respcondition continue="No">
            <conditionvar>
              <varequal respident="response1">text2qti_choice_837ee61083da0a377e55f177d9b6c9286dc17a58a536cf60d663839000caf2bd</varequal>
            </conditionvar>
            <setvar action="Set" varname="SCORE">100</setvar>
          </respcondition>
        </resprocessing>
      </item>
      <item ident="text2qti_question_d123151708b3acd6356aa895f93a5b38d7397a6b30315c3bfdf4a70fd40f6987" title="Question">
        <itemmetadata>
          <qtimetadata>
            <qtimetadatafield>
              <fieldlabel>question_type</fieldlabel>
              <fieldentry>true_false_question</fieldentry>
            </qtimetadatafield>
            <qtimetadatafield>
              <fieldlabel>points_possible</fieldlabel>
              <fieldentry>1</fieldentry>
            </qtimetadatafield>
            <qtimetadatafield>
              <fieldlabel>original_answer_ids</fieldlabel>
              <fieldentry>text2qti_choice_edfd2f73886e3ede8978933536405b01689902fc874f5148f96b3ff61b09a061,text2qti_choice_22fb125671088c1c196b758691522e3b41e5cfe1a4142c08e2b0b66da7814539</fieldentry>
            </qtimetadatafield>
            <qtimetadatafield>
              <fieldlabel>assessment_question_identifierref</fieldlabel>
              <fieldentry>text2qti_question_ref_d123151708b3acd6356aa895f93a5b38d7397a6b30315c3bfdf4a70fd40f6987</fieldentry>
            </qtimetadatafield>
          </qtimetadata>
        </itemmetadata>
        <presentation>
          <material>
            <mattext texttype="text/html">&lt;p&gt;The molarity of a solution is expressed in units of &lt;strong&gt;mol/kg&lt;/strong&gt;.&lt;/p&gt;</mattext>
          </material>
          <response_lid ident="response1" rcardinality="Single">
            <render_choice>
              <response_label ident="text2qti_choice_edfd2f73886e3ede8978933536405b01689902fc874f5148f96b3ff61b09a061">
                <material>
                  <mattext texttype="text/html">&lt;p&gt;true&lt;/p&gt;</mattext>
                </material>
              </response_label>
              <response_label ident="text2qti_choice_22fb125671088c1c196b758691522e3b41e5cfe1a4142c08e2b0b66da7814539">
                <material>
                  <mattext texttype="text/html">&lt;p&gt;false&lt;/p&gt;</mattext>
                </material>
              </response_label>
            </render_choice>
          </response_lid>
        </presentation>
        <resprocessing>
          <outcomes>
            <decvar maxvalue="100" minvalue="0" varname="SCORE" vartype="Decimal"/>
          </outcomes>
          <respcondition continue="No">
            <conditionvar>
              <varequal respident="response1">text2qti_choice_22fb125671088c1c196b758691522e3b41e5cfe1a4142c08e2b0b66da7814539</varequal>
            </conditionvar>
            <setvar action="Set" varname="SCORE">100</setvar>
          </respcondition>
        </resprocessing>
      </item>
      <item ident="text2qti_question_6273b1491ad4402a3dd957a11f54eb6a331cc04ed1b1762a89544e39c441b247" title="Question">
        <itemmetadata>
          <qtimetadata>
            <qtimetadatafield>
              <fieldlabel>question_type</fieldlabel>
              <fieldentry>true_false_question</fieldentry>
            </qtimetadatafield>
            <qtimetadatafield>
              <fieldlabel>points_possible</fieldlabel>
              <fieldentry>1</fieldentry>
            </qtimetadatafield>
            <qtimetadatafield>
              <fieldlabel>original_answer_ids</fieldlabel>
              <fieldentry>text2qti_choice_36c62253b976f1d80a2264e2474cb54325f3bbf2a1aaa2d52f275531166a2548,text2qti_choice_cfe6d616c4f8e88ff2e63513c716d4ede4e612f38c3dc700129be8f68f98851d</fieldentry>
            </qtimetadatafield>
            <qtimetadatafield>
              <fieldlabel>assessment_question_identifierref</fieldlabel>
              <fieldentry>text2qti_question_ref_6273b1491ad4402a3dd957a11f54eb6a331cc04ed1b1762a89544e39c441b247</fieldentry>
            </qtimetadatafield>
          </qtimetadata>
        </itemmetadata>
        <presentation>
          <material>
            <mattext texttype="text/html">&lt;p&gt;A precipitate is a soluble compound that remains dissolved in solution.&lt;/p&gt;</mattext>
          </material>
          <response_lid ident="response1" rcardinality="Single">
            <render_choice>
              <response_label ident="text2qti_choice_36c62253b976f1d80a2264e2474cb54325f3bbf2a1aaa2d52f275531166a2548">
                <material>
                  <mattext texttype="text/html">&lt;p&gt;true&lt;/p&gt;</mattext>
                </material>
              </response_label>
              <response_label ident="text2qti_choice_cfe6d616c4f8e88ff2e63513c716d4ede4e612f38c3dc700129be8f68f98851d">
                <material>
                  <mattext texttype="text/html">&lt;p&gt;false&lt;/p&gt;</mattext>
                </material>
              </response_label>
            </render_choice>
          </response_lid>
        </presentation>
        <resprocessing>
          <outcomes>
            <decvar maxvalue="100" minvalue="0" varname="SCORE" vartype="Decimal"/>
          </outcomes>
          <respcondition continue="No">
            <conditionvar>
              <varequal respident="response1">text2qti_choice_cfe6d616c4f8e88ff2e63513c716d4ede4e612f38c3dc700129be8f68f98851d</varequal>
            </conditionvar>
            <setvar action="Set" varname="SCORE">100</setvar>
          </respcondition>
        </resprocessing>
      </item>
      <item ident="text2qti_question_9bcfb245e32ea31b38a008e0cc6757f56d6d13fedf554837b9a70e0dbff4b9f4" title="Question">
        <itemmetadata>
          <qtimetadata>
            <qtimetadatafield>
              <fieldlabel>question_type</fieldlabel>
              <fieldentry>true_false_question</fieldentry>
            </qtimetadatafield>
            <qtimetadatafield>
              <fieldlabel>points_possible</fieldlabel>
              <fieldentry>1</fieldentry>
            </qtimetadatafield>
            <qtimetadatafield>
              <fieldlabel>original_answer_ids</fieldlabel>
              <fieldentry>text2qti_choice_593c674e08cc3808706821e8091032bfb8167aca178364c9e9ee6facb072e474,text2qti_choice_6f6cfb813e8e19bede5d3b39c2bde72c199a9b50191d57f8a90e4a69d50e5aa2</fieldentry>
            </qtimetadatafield>
            <qtimetadatafield>
              <fieldlabel>assessment_question_identifierref</fieldlabel>
              <fieldentry>text2qti_question_ref_9bcfb245e32ea31b38a008e0cc6757f56d6d13fedf554837b9a70e0dbff4b9f4</fieldentry>
            </qtimetadatafield>
          </qtimetadata>
        </itemmetadata>
        <presentation>
          <material>
            <mattext texttype="text/html">&lt;p&gt;The equation &lt;em&gt;PV=nRT&lt;/em&gt; is known as the Ideal Gas Law equation.&lt;/p&gt;</mattext>
          </material>
          <response_lid ident="response1" rcardinality="Single">
            <render_choice>
              <response_label ident="text2qti_choice_593c674e08cc3808706821e8091032bfb8167aca178364c9e9ee6facb072e474">
                <material>
                  <mattext texttype="text/html">&lt;p&gt;true&lt;/p&gt;</mattext>
                </material>
              </response_label>
              <response_label ident="text2qti_choice_6f6cfb813e8e19bede5d3b39c2bde72c199a9b50191d57f8a90e4a69d50e5aa2">
                <material>
                  <mattext texttype="text/html">&lt;p&gt;false&lt;/p&gt;</mattext>
                </material>
              </response_label>
            </render_choice>
          </response_lid>
        </presentation>
        <resprocessing>
          <outcomes>
            <decvar maxvalue="100" minvalue="0" varname="SCORE" vartype="Decimal"/>
          </outcomes>
          <respcondition continue="No">
            <conditionvar>
              <varequal respident="response1">text2qti_choice_593c674e08cc3808706821e8091032bfb8167aca178364c9e9ee6facb072e474</varequal>
            </conditionvar>
            <setvar action="Set" varname="SCORE">100</setvar>
          </respcondition>
        </resprocessing>
      </item>
      <item ident="text2qti_question_5c63b60db819260986ae48c593512708006093e2e34d54f64fd79e4a51620ae5" title="Question">
        <itemmetadata>
          <qtimetadata>
            <qtimetadatafield>
              <fieldlabel>question_type</fieldlabel>
              <fieldentry>true_false_question</fieldentry>
            </qtimetadatafield>
            <qtimetadatafield>
              <fieldlabel>points_possible</fieldlabel>
              <fieldentry>1</fieldentry>
            </qtimetadatafield>
            <qtimetadatafield>
              <fieldlabel>original_answer_ids</fieldlabel>
              <fieldentry>text2qti_choice_37ca753b56da79436ed07d690a0f9bd21ef2bbc032bd6572d7e65fec42f319fa,text2qti_choice_4394d68fb63cd15361fb937391377ca53168d7417a004687bac57857fc9a81a7</fieldentry>
            </qtimetadatafield>
            <qtimetadatafield>
              <fieldlabel>assessment_question_identifierref</fieldlabel>
              <fieldentry>text2qti_question_ref_5c63b60db819260986ae48c593512708006093e2e34d54f64fd79e4a51620ae5</fieldentry>
            </qtimetadatafield>
          </qtimetadata>
        </itemmetadata>
        <presentation>
          <material>
            <mattext texttype="text/html">&lt;p&gt;Electronegativity is unrelated to an element’s tendency to gain or lose electrons.&lt;/p&gt;</mattext>
          </material>
          <response_lid ident="response1" rcardinality="Single">
            <render_choice>
              <response_label ident="text2qti_choice_37ca753b56da79436ed07d690a0f9bd21ef2bbc032bd6572d7e65fec42f319fa">
                <material>
                  <mattext texttype="text/html">&lt;p&gt;true&lt;/p&gt;</mattext>
                </material>
              </response_label>
              <response_label ident="text2qti_choice_4394d68fb63cd15361fb937391377ca53168d7417a004687bac57857fc9a81a7">
                <material>
                  <mattext texttype="text/html">&lt;p&gt;false&lt;/p&gt;</mattext>
                </material>
              </response_label>
            </render_choice>
          </response_lid>
        </presentation>
        <resprocessing>
          <outcomes>
            <decvar maxvalue="100" minvalue="0" varname="SCORE" vartype="Decimal"/>
          </outcomes>
          <respcondition continue="No">
            <conditionvar>
              <varequal respident="response1">text2qti_choice_4394d68fb63cd15361fb937391377ca53168d7417a004687bac57857fc9a81a7</varequal>
            </conditionvar>
            <setvar action="Set" varname="SCORE">100</setvar>
          </respcondition>
        </resprocessing>
      </item>
      <item ident="text2qti_question_57293f6f40c381c1cbf3747275b064980b4dcd85ff6eb48de055ab73a30a1ad7" title="Question">
        <itemmetadata>
          <qtimetadata>
            <qtimetadatafield>
              <fieldlabel>question_type</fieldlabel>
              <fieldentry>true_false_question</fieldentry>
            </qtimetadatafield>
            <qtimetadatafield>
              <fieldlabel>points_possible</fieldlabel>
              <fieldentry>1</fieldentry>
            </qtimetadatafield>
            <qtimetadatafield>
              <fieldlabel>original_answer_ids</fieldlabel>
              <fieldentry>text2qti_choice_c27e434691c494317b35f98359a98c873e8e41b27ad2f06a52615bc2b15213b1,text2qti_choice_1edf63af89cb475725378a42f44f10fa6baf5c2542ae21fe2ac2208a7e784c52</fieldentry>
            </qtimetadatafield>
            <qtimetadatafield>
              <fieldlabel>assessment_question_identifierref</fieldlabel>
              <fieldentry>text2qti_question_ref_57293f6f40c381c1cbf3747275b064980b4dcd85ff6eb48de055ab73a30a1ad7</fieldentry>
            </qtimetadatafield>
          </qtimetadata>
        </itemmetadata>
        <presentation>
          <material>
            <mattext texttype="text/html">&lt;p&gt;A decomposition reaction involves a single compound breaking down into two or more simpler substances.&lt;/p&gt;</mattext>
          </material>
          <response_lid ident="response1" rcardinality="Single">
            <render_choice>
              <response_label ident="text2qti_choice_c27e434691c494317b35f98359a98c873e8e41b27ad2f06a52615bc2b15213b1">
                <material>
                  <mattext texttype="text/html">&lt;p&gt;true&lt;/p&gt;</mattext>
                </material>
              </response_label>
              <response_label ident="text2qti_choice_1edf63af89cb475725378a42f44f10fa6baf5c2542ae21fe2ac2208a7e784c52">
                <material>
                  <mattext texttype="text/html">&lt;p&gt;false&lt;/p&gt;</mattext>
                </material>
              </response_label>
            </render_choice>
          </response_lid>
        </presentation>
        <resprocessing>
          <outcomes>
            <decvar maxvalue="100" minvalue="0" varname="SCORE" vartype="Decimal"/>
          </outcomes>
          <respcondition continue="No">
            <conditionvar>
              <varequal respident="response1">text2qti_choice_c27e434691c494317b35f98359a98c873e8e41b27ad2f06a52615bc2b15213b1</varequal>
            </conditionvar>
            <setvar action="Set" varname="SCORE">100</setvar>
          </respcondition>
        </resprocessing>
      </item>
      <item ident="text2qti_question_276414de6fd4086379feb5bf93ac4feec4aa796d8b6921a61324f33ecc6d1021" title="Question">
        <itemmetadata>
          <qtimetadata>
            <qtimetadatafield>
              <fieldlabel>question_type</fieldlabel>
              <fieldentry>true_false_question</fieldentry>
            </qtimetadatafield>
            <qtimetadatafield>
              <fieldlabel>points_possible</fieldlabel>
              <fieldentry>1</fieldentry>
            </qtimetadatafield>
            <qtimetadatafield>
              <fieldlabel>original_answer_ids</fieldlabel>
              <fieldentry>text2qti_choice_db8514e642f30be1a291d19fca2df6efe3e7b847470824863242501a9f293f05,text2qti_choice_2a0736bbd90cb0f2b80f2ecf918467dab39125d7708ac1ef30b7178a4c57e0c3</fieldentry>
            </qtimetadatafield>
            <qtimetadatafield>
              <fieldlabel>assessment_question_identifierref</fieldlabel>
              <fieldentry>text2qti_question_ref_276414de6fd4086379feb5bf93ac4feec4aa796d8b6921a61324f33ecc6d1021</fieldentry>
            </qtimetadatafield>
          </qtimetadata>
        </itemmetadata>
        <presentation>
          <material>
            <mattext texttype="text/html">&lt;p&gt;In a redox reaction, oxidation and reduction occur independently of each other.&lt;/p&gt;</mattext>
          </material>
          <response_lid ident="response1" rcardinality="Single">
            <render_choice>
              <response_label ident="text2qti_choice_db8514e642f30be1a291d19fca2df6efe3e7b847470824863242501a9f293f05">
                <material>
                  <mattext texttype="text/html">&lt;p&gt;true&lt;/p&gt;</mattext>
                </material>
              </response_label>
              <response_label ident="text2qti_choice_2a0736bbd90cb0f2b80f2ecf918467dab39125d7708ac1ef30b7178a4c57e0c3">
                <material>
                  <mattext texttype="text/html">&lt;p&gt;false&lt;/p&gt;</mattext>
                </material>
              </response_label>
            </render_choice>
          </response_lid>
        </presentation>
        <resprocessing>
          <outcomes>
            <decvar maxvalue="100" minvalue="0" varname="SCORE" vartype="Decimal"/>
          </outcomes>
          <respcondition continue="No">
            <conditionvar>
              <varequal respident="response1">text2qti_choice_2a0736bbd90cb0f2b80f2ecf918467dab39125d7708ac1ef30b7178a4c57e0c3</varequal>
            </conditionvar>
            <setvar action="Set" varname="SCORE">100</setvar>
          </respcondition>
        </resprocessing>
      </item>
      <item ident="text2qti_question_f864fb022433b4920fd112ef77a6e1fa72aaab97d26115d0d8657402248ffd4a" title="Question">
        <itemmetadata>
          <qtimetadata>
            <qtimetadatafield>
              <fieldlabel>question_type</fieldlabel>
              <fieldentry>true_false_question</fieldentry>
            </qtimetadatafield>
            <qtimetadatafield>
              <fieldlabel>points_possible</fieldlabel>
              <fieldentry>1</fieldentry>
            </qtimetadatafield>
            <qtimetadatafield>
              <fieldlabel>original_answer_ids</fieldlabel>
              <fieldentry>text2qti_choice_9307ba107a17b2b66bf417aecb46aa3ecf4e8d1e4203f8c46f629076f4ec6cab,text2qti_choice_37a260928bf21b81ca6639991a3ea8b096f75b68c6cc52f86b7d5ea4070b0a0e</fieldentry>
            </qtimetadatafield>
            <qtimetadatafield>
              <fieldlabel>assessment_question_identifierref</fieldlabel>
              <fieldentry>text2qti_question_ref_f864fb022433b4920fd112ef77a6e1fa72aaab97d26115d0d8657402248ffd4a</fieldentry>
            </qtimetadatafield>
          </qtimetadata>
        </itemmetadata>
        <presentation>
          <material>
            <mattext texttype="text/html">&lt;p&gt;The freezing point of a solution increases when solute is added.&lt;/p&gt;</mattext>
          </material>
          <response_lid ident="response1" rcardinality="Single">
            <render_choice>
              <response_label ident="text2qti_choice_9307ba107a17b2b66bf417aecb46aa3ecf4e8d1e4203f8c46f629076f4ec6cab">
                <material>
                  <mattext texttype="text/html">&lt;p&gt;true&lt;/p&gt;</mattext>
                </material>
              </response_label>
              <response_label ident="text2qti_choice_37a260928bf21b81ca6639991a3ea8b096f75b68c6cc52f86b7d5ea4070b0a0e">
                <material>
                  <mattext texttype="text/html">&lt;p&gt;false&lt;/p&gt;</mattext>
                </material>
              </response_label>
            </render_choice>
          </response_lid>
        </presentation>
        <resprocessing>
          <outcomes>
            <decvar maxvalue="100" minvalue="0" varname="SCORE" vartype="Decimal"/>
          </outcomes>
          <respcondition continue="No">
            <conditionvar>
              <varequal respident="response1">text2qti_choice_37a260928bf21b81ca6639991a3ea8b096f75b68c6cc52f86b7d5ea4070b0a0e</varequal>
            </conditionvar>
            <setvar action="Set" varname="SCORE">100</setvar>
          </respcondition>
        </resprocessing>
      </item>
      <item ident="text2qti_question_f852ccd7830dbbb7d403fdb37d5af538c40bdd58795da6b52980a4d6f9b7804b" title="Question">
        <itemmetadata>
          <qtimetadata>
            <qtimetadatafield>
              <fieldlabel>question_type</fieldlabel>
              <fieldentry>true_false_question</fieldentry>
            </qtimetadatafield>
            <qtimetadatafield>
              <fieldlabel>points_possible</fieldlabel>
              <fieldentry>1</fieldentry>
            </qtimetadatafield>
            <qtimetadatafield>
              <fieldlabel>original_answer_ids</fieldlabel>
              <fieldentry>text2qti_choice_fbf3b2d3668bf27330801aa5f65bd8689920ec868b64c95b829533da7b05c688,text2qti_choice_49e5be689a9150fa70539eb1db319948866cea108c2bf217320dc44791912c29</fieldentry>
            </qtimetadatafield>
            <qtimetadatafield>
              <fieldlabel>assessment_question_identifierref</fieldlabel>
              <fieldentry>text2qti_question_ref_f852ccd7830dbbb7d403fdb37d5af538c40bdd58795da6b52980a4d6f9b7804b</fieldentry>
            </qtimetadatafield>
          </qtimetadata>
        </itemmetadata>
        <presentation>
          <material>
            <mattext texttype="text/html">&lt;p&gt;The oxidation number of a pure element is always zero.&lt;/p&gt;</mattext>
          </material>
          <response_lid ident="response1" rcardinality="Single">
            <render_choice>
              <response_label ident="text2qti_choice_fbf3b2d3668bf27330801aa5f65bd8689920ec868b64c95b829533da7b05c688">
                <material>
                  <mattext texttype="text/html">&lt;p&gt;true&lt;/p&gt;</mattext>
                </material>
              </response_label>
              <response_label ident="text2qti_choice_49e5be689a9150fa70539eb1db319948866cea108c2bf217320dc44791912c29">
                <material>
                  <mattext texttype="text/html">&lt;p&gt;false&lt;/p&gt;</mattext>
                </material>
              </response_label>
            </render_choice>
          </response_lid>
        </presentation>
        <resprocessing>
          <outcomes>
            <decvar maxvalue="100" minvalue="0" varname="SCORE" vartype="Decimal"/>
          </outcomes>
          <respcondition continue="No">
            <conditionvar>
              <varequal respident="response1">text2qti_choice_fbf3b2d3668bf27330801aa5f65bd8689920ec868b64c95b829533da7b05c688</varequal>
            </conditionvar>
            <setvar action="Set" varname="SCORE">100</setvar>
          </respcondition>
        </resprocessing>
      </item>
      <item ident="text2qti_question_454e97478c6af93fbb2a64e1de31883e847a4dbadaa24a11b5792ad190ee03cd" title="Question">
        <itemmetadata>
          <qtimetadata>
            <qtimetadatafield>
              <fieldlabel>question_type</fieldlabel>
              <fieldentry>true_false_question</fieldentry>
            </qtimetadatafield>
            <qtimetadatafield>
              <fieldlabel>points_possible</fieldlabel>
              <fieldentry>1</fieldentry>
            </qtimetadatafield>
            <qtimetadatafield>
              <fieldlabel>original_answer_ids</fieldlabel>
              <fieldentry>text2qti_choice_432c2597e4e1e4dab82308cdd97a692adbc8700cb7219c2dfb6492960a69dcf4,text2qti_choice_598ff05d9315a27bb594794d1a3cb0f4466364206a5bc9e9711196d06925a0ae</fieldentry>
            </qtimetadatafield>
            <qtimetadatafield>
              <fieldlabel>assessment_question_identifierref</fieldlabel>
              <fieldentry>text2qti_question_ref_454e97478c6af93fbb2a64e1de31883e847a4dbadaa24a11b5792ad190ee03cd</fieldentry>
            </qtimetadatafield>
          </qtimetadata>
        </itemmetadata>
        <presentation>
          <material>
            <mattext texttype="text/html">&lt;p&gt;A solution that contains less solute than the saturation point is called &lt;strong&gt;unsaturated&lt;/strong&gt;.&lt;/p&gt;</mattext>
          </material>
          <response_lid ident="response1" rcardinality="Single">
            <render_choice>
              <response_label ident="text2qti_choice_432c2597e4e1e4dab82308cdd97a692adbc8700cb7219c2dfb6492960a69dcf4">
                <material>
                  <mattext texttype="text/html">&lt;p&gt;true&lt;/p&gt;</mattext>
                </material>
              </response_label>
              <response_label ident="text2qti_choice_598ff05d9315a27bb594794d1a3cb0f4466364206a5bc9e9711196d06925a0ae">
                <material>
                  <mattext texttype="text/html">&lt;p&gt;false&lt;/p&gt;</mattext>
                </material>
              </response_label>
            </render_choice>
          </response_lid>
        </presentation>
        <resprocessing>
          <outcomes>
            <decvar maxvalue="100" minvalue="0" varname="SCORE" vartype="Decimal"/>
          </outcomes>
          <respcondition continue="No">
            <conditionvar>
              <varequal respident="response1">text2qti_choice_432c2597e4e1e4dab82308cdd97a692adbc8700cb7219c2dfb6492960a69dcf4</varequal>
            </conditionvar>
            <setvar action="Set" varname="SCORE">100</setvar>
          </respcondition>
        </resprocessing>
      </item>
      <item ident="text2qti_question_728a91d3fa2d64c82a36b92bde1af0a17a31d68b76b7c65e4659fdf9f348cc6f" title="Question">
        <itemmetadata>
          <qtimetadata>
            <qtimetadatafield>
              <fieldlabel>question_type</fieldlabel>
              <fieldentry>true_false_question</fieldentry>
            </qtimetadatafield>
            <qtimetadatafield>
              <fieldlabel>points_possible</fieldlabel>
              <fieldentry>1</fieldentry>
            </qtimetadatafield>
            <qtimetadatafield>
              <fieldlabel>original_answer_ids</fieldlabel>
              <fieldentry>text2qti_choice_bbe198071bae448f75e49504c9ff8610cc1d4fb499e16e24cb0f079889326a70,text2qti_choice_173f31e609fff8aa36c97b2d5e578fbb04969c320fd76babd247e49a5d7501ec</fieldentry>
            </qtimetadatafield>
            <qtimetadatafield>
              <fieldlabel>assessment_question_identifierref</fieldlabel>
              <fieldentry>text2qti_question_ref_728a91d3fa2d64c82a36b92bde1af0a17a31d68b76b7c65e4659fdf9f348cc6f</fieldentry>
            </qtimetadatafield>
          </qtimetadata>
        </itemmetadata>
        <presentation>
          <material>
            <mattext texttype="text/html">&lt;p&gt;The boiling point elevation of a solution depends only on the identity of the solute, not the number of particles.&lt;/p&gt;</mattext>
          </material>
          <response_lid ident="response1" rcardinality="Single">
            <render_choice>
              <response_label ident="text2qti_choice_bbe198071bae448f75e49504c9ff8610cc1d4fb499e16e24cb0f079889326a70">
                <material>
                  <mattext texttype="text/html">&lt;p&gt;true&lt;/p&gt;</mattext>
                </material>
              </response_label>
              <response_label ident="text2qti_choice_173f31e609fff8aa36c97b2d5e578fbb04969c320fd76babd247e49a5d7501ec">
                <material>
                  <mattext texttype="text/html">&lt;p&gt;false&lt;/p&gt;</mattext>
                </material>
              </response_label>
            </render_choice>
          </response_lid>
        </presentation>
        <resprocessing>
          <outcomes>
            <decvar maxvalue="100" minvalue="0" varname="SCORE" vartype="Decimal"/>
          </outcomes>
          <respcondition continue="No">
            <conditionvar>
              <varequal respident="response1">text2qti_choice_173f31e609fff8aa36c97b2d5e578fbb04969c320fd76babd247e49a5d7501ec</varequal>
            </conditionvar>
            <setvar action="Set" varname="SCORE">100</setvar>
          </respcondition>
        </resprocessing>
      </item>
    </section>
  </assessment>
</questestinterop>
