<?xml version="1.0" encoding="UTF-8"?>
<questestinterop xmlns="http://www.imsglobal.org/xsd/ims_qtiasiv1p2" xmlns:xsi="http://www.w3.org/2001/XMLSchema-instance" xsi:schemaLocation="http://www.imsglobal.org/xsd/ims_qtiasiv1p2 http://www.imsglobal.org/xsd/ims_qtiasiv1p2p1.xsd">
  <assessment ident="text2qti_assignment_e7017fa64c62e4170135aa79e52b9470ce8a5c513d56b50c8e568a2903b21667" title="Quiz">
    <qtimetadata>
      <qtimetadatafield>
        <fieldlabel>cc_maxattempts</fieldlabel>
        <fieldentry>1</fieldentry>
      </qtimetadatafield>
    </qtimetadata>
    <section ident="root_section">
      <item ident="text2qti_question_e6d9060103d2dfbebc6a75c40824d05554a36457d396cc5e03a37a15b2b1ce74" title="Question">
        <itemmetadata>
          <qtimetadata>
            <qtimetadatafield>
              <fieldlabel>question_type</fieldlabel>
              <fieldentry>true_false_question</fieldentry>
            </qtimetadatafield>
            <qtimetadatafield>
              <fieldlabel>points_possible</fieldlabel>
              <fieldentry>1</fieldentry>
            </qtimetadatafield>
            <qtimetadatafield>
              <fieldlabel>original_answer_ids</fieldlabel>
              <fieldentry>text2qti_choice_eb0d45d6d1be8c101858896e6fe019591d7f83c39656ffab2bd431f8b4f0e51d,text2qti_choice_4ca192f5d9704f63a7973319e7201395695c86129578dd9c25c48d4679b47bf9</fieldentry>
            </qtimetadatafield>
            <qtimetadatafield>
              <fieldlabel>assessment_question_identifierref</fieldlabel>
              <fieldentry>text2qti_question_ref_e6d9060103d2dfbebc6a75c40824d05554a36457d396cc5e03a37a15b2b1ce74</fieldentry>
            </qtimetadatafield>
          </qtimetadata>
        </itemmetadata>
        <presentation>
          <material>
            <mattext texttype="text/html">&lt;p&gt;You have a mass of 12.0 amu. That is also a mass of 12.0 grams.&lt;/p&gt;</mattext>
          </material>
          <response_lid ident="response1" rcardinality="Single">
            <render_choice>
              <response_label ident="text2qti_choice_eb0d45d6d1be8c101858896e6fe019591d7f83c39656ffab2bd431f8b4f0e51d">
                <material>
                  <mattext texttype="text/html">&lt;p&gt;True&lt;/p&gt;</mattext>
                </material>
              </response_label>
              <response_label ident="text2qti_choice_4ca192f5d9704f63a7973319e7201395695c86129578dd9c25c48d4679b47bf9">
                <material>
                  <mattext texttype="text/html">&lt;p&gt;False&lt;/p&gt;</mattext>
                </material>
              </response_label>
            </render_choice>
          </response_lid>
        </presentation>
        <resprocessing>
          <outcomes>
            <decvar maxvalue="100" minvalue="0" varname="SCORE" vartype="Decimal"/>
          </outcomes>
          <respcondition continue="No">
            <conditionvar>
              <varequal respident="response1">text2qti_choice_4ca192f5d9704f63a7973319e7201395695c86129578dd9c25c48d4679b47bf9</varequal>
            </conditionvar>
            <setvar action="Set" varname="SCORE">100</setvar>
          </respcondition>
        </resprocessing>
      </item>
      <item ident="text2qti_question_86a3fc14ff28cf7e5be8291709ae5dd75fb70432caaf176f76392c9d46b88ee2" title="Question">
        <itemmetadata>
          <qtimetadata>
            <qtimetadatafield>
              <fieldlabel>question_type</fieldlabel>
              <fieldentry>true_false_question</fieldentry>
            </qtimetadatafield>
            <qtimetadatafield>
              <fieldlabel>points_possible</fieldlabel>
              <fieldentry>1</fieldentry>
            </qtimetadatafield>
            <qtimetadatafield>
              <fieldlabel>original_answer_ids</fieldlabel>
              <fieldentry>text2qti_choice_add296f5176dc5c4fabace1eaf197312ec5107c1b44996cc8212a87836bd1840,text2qti_choice_9bda88ae96b539b2fb0ccb1e05c8d4be0535ce397fc57a0e32117a75c788c4e3</fieldentry>
            </qtimetadatafield>
            <qtimetadatafield>
              <fieldlabel>assessment_question_identifierref</fieldlabel>
              <fieldentry>text2qti_question_ref_86a3fc14ff28cf7e5be8291709ae5dd75fb70432caaf176f76392c9d46b88ee2</fieldentry>
            </qtimetadatafield>
          </qtimetadata>
        </itemmetadata>
        <presentation>
          <material>
            <mattext texttype="text/html">&lt;p&gt;You have 2.0 moles of sodium (Na). That is also 2.0 grams of sodium.&lt;/p&gt;</mattext>
          </material>
          <response_lid ident="response1" rcardinality="Single">
            <render_choice>
              <response_label ident="text2qti_choice_add296f5176dc5c4fabace1eaf197312ec5107c1b44996cc8212a87836bd1840">
                <material>
                  <mattext texttype="text/html">&lt;p&gt;True&lt;/p&gt;</mattext>
                </material>
              </response_label>
              <response_label ident="text2qti_choice_9bda88ae96b539b2fb0ccb1e05c8d4be0535ce397fc57a0e32117a75c788c4e3">
                <material>
                  <mattext texttype="text/html">&lt;p&gt;False&lt;/p&gt;</mattext>
                </material>
              </response_label>
            </render_choice>
          </response_lid>
        </presentation>
        <resprocessing>
          <outcomes>
            <decvar maxvalue="100" minvalue="0" varname="SCORE" vartype="Decimal"/>
          </outcomes>
          <respcondition continue="No">
            <conditionvar>
              <varequal respident="response1">text2qti_choice_9bda88ae96b539b2fb0ccb1e05c8d4be0535ce397fc57a0e32117a75c788c4e3</varequal>
            </conditionvar>
            <setvar action="Set" varname="SCORE">100</setvar>
          </respcondition>
        </resprocessing>
      </item>
      <item ident="text2qti_question_28d17b7507a51b07d75a6c2b5fdfd1b04c40a98c5fc2acfc1050a15536ebcf3f" title="Question">
        <itemmetadata>
          <qtimetadata>
            <qtimetadatafield>
              <fieldlabel>question_type</fieldlabel>
              <fieldentry>true_false_question</fieldentry>
            </qtimetadatafield>
            <qtimetadatafield>
              <fieldlabel>points_possible</fieldlabel>
              <fieldentry>1</fieldentry>
            </qtimetadatafield>
            <qtimetadatafield>
              <fieldlabel>original_answer_ids</fieldlabel>
              <fieldentry>text2qti_choice_cd4b8214e141ca352449f4e9a12122c2470bce6d71cba483493e9c78fcabbc25,text2qti_choice_cf7cbe7b5ac134b21970bd701cc0e3115dbb931473f84f6791e16d5af6c38f8c</fieldentry>
            </qtimetadatafield>
            <qtimetadatafield>
              <fieldlabel>assessment_question_identifierref</fieldlabel>
              <fieldentry>text2qti_question_ref_28d17b7507a51b07d75a6c2b5fdfd1b04c40a98c5fc2acfc1050a15536ebcf3f</fieldentry>
            </qtimetadatafield>
          </qtimetadata>
        </itemmetadata>
        <presentation>
          <material>
            <mattext texttype="text/html">&lt;p&gt;You have 1 mol of sodium and 1 mol of potassium (K). You have equal numbers of Na and K atoms.&lt;/p&gt;</mattext>
          </material>
          <response_lid ident="response1" rcardinality="Single">
            <render_choice>
              <response_label ident="text2qti_choice_cd4b8214e141ca352449f4e9a12122c2470bce6d71cba483493e9c78fcabbc25">
                <material>
                  <mattext texttype="text/html">&lt;p&gt;True&lt;/p&gt;</mattext>
                </material>
              </response_label>
              <response_label ident="text2qti_choice_cf7cbe7b5ac134b21970bd701cc0e3115dbb931473f84f6791e16d5af6c38f8c">
                <material>
                  <mattext texttype="text/html">&lt;p&gt;False&lt;/p&gt;</mattext>
                </material>
              </response_label>
            </render_choice>
          </response_lid>
        </presentation>
        <resprocessing>
          <outcomes>
            <decvar maxvalue="100" minvalue="0" varname="SCORE" vartype="Decimal"/>
          </outcomes>
          <respcondition continue="No">
            <conditionvar>
              <varequal respident="response1">text2qti_choice_cd4b8214e141ca352449f4e9a12122c2470bce6d71cba483493e9c78fcabbc25</varequal>
            </conditionvar>
            <setvar action="Set" varname="SCORE">100</setvar>
          </respcondition>
        </resprocessing>
      </item>
      <item ident="text2qti_question_58a0077cffef851602f357ef048525702ab6a9df5a302e2118b45f1f84929a79" title="Question">
        <itemmetadata>
          <qtimetadata>
            <qtimetadatafield>
              <fieldlabel>question_type</fieldlabel>
              <fieldentry>true_false_question</fieldentry>
            </qtimetadatafield>
            <qtimetadatafield>
              <fieldlabel>points_possible</fieldlabel>
              <fieldentry>1</fieldentry>
            </qtimetadatafield>
            <qtimetadatafield>
              <fieldlabel>original_answer_ids</fieldlabel>
              <fieldentry>text2qti_choice_6a2e30ccc01f3e7f9a84141928fb09c345b4aa9c8f0c93160422858ec6188985,text2qti_choice_8151fb0c7d604403a0405154e93f1472a4fe19f4f25650d2b38865bdeaeecba0</fieldentry>
            </qtimetadatafield>
            <qtimetadatafield>
              <fieldlabel>assessment_question_identifierref</fieldlabel>
              <fieldentry>text2qti_question_ref_58a0077cffef851602f357ef048525702ab6a9df5a302e2118b45f1f84929a79</fieldentry>
            </qtimetadatafield>
          </qtimetadata>
        </itemmetadata>
        <presentation>
          <material>
            <mattext texttype="text/html">&lt;p&gt;There are more molecules in 0.5 mol of Cl2 than in 0.5 mol of H2.&lt;/p&gt;</mattext>
          </material>
          <response_lid ident="response1" rcardinality="Single">
            <render_choice>
              <response_label ident="text2qti_choice_6a2e30ccc01f3e7f9a84141928fb09c345b4aa9c8f0c93160422858ec6188985">
                <material>
                  <mattext texttype="text/html">&lt;p&gt;True&lt;/p&gt;</mattext>
                </material>
              </response_label>
              <response_label ident="text2qti_choice_8151fb0c7d604403a0405154e93f1472a4fe19f4f25650d2b38865bdeaeecba0">
                <material>
                  <mattext texttype="text/html">&lt;p&gt;False&lt;/p&gt;</mattext>
                </material>
              </response_label>
            </render_choice>
          </response_lid>
        </presentation>
        <resprocessing>
          <outcomes>
            <decvar maxvalue="100" minvalue="0" varname="SCORE" vartype="Decimal"/>
          </outcomes>
          <respcondition continue="No">
            <conditionvar>
              <varequal respident="response1">text2qti_choice_8151fb0c7d604403a0405154e93f1472a4fe19f4f25650d2b38865bdeaeecba0</varequal>
            </conditionvar>
            <setvar action="Set" varname="SCORE">100</setvar>
          </respcondition>
        </resprocessing>
      </item>
      <item ident="text2qti_question_052601f4cb8a53accf890b9024f5a41c6b3d2d074013410eb5a14bdb7cd3aa8f" title="Question">
        <itemmetadata>
          <qtimetadata>
            <qtimetadatafield>
              <fieldlabel>question_type</fieldlabel>
              <fieldentry>true_false_question</fieldentry>
            </qtimetadatafield>
            <qtimetadatafield>
              <fieldlabel>points_possible</fieldlabel>
              <fieldentry>1</fieldentry>
            </qtimetadatafield>
            <qtimetadatafield>
              <fieldlabel>original_answer_ids</fieldlabel>
              <fieldentry>text2qti_choice_8078994bdc8ae520e7e8d09e58818ad77a04219ae213099b6d74170643e64d8b,text2qti_choice_0bcb340308780a0bd2fc66610d7407720a1c3e6007ecc16594ccc26c9c47f6a1</fieldentry>
            </qtimetadatafield>
            <qtimetadatafield>
              <fieldlabel>assessment_question_identifierref</fieldlabel>
              <fieldentry>text2qti_question_ref_052601f4cb8a53accf890b9024f5a41c6b3d2d074013410eb5a14bdb7cd3aa8f</fieldentry>
            </qtimetadatafield>
          </qtimetadata>
        </itemmetadata>
        <presentation>
          <material>
            <mattext texttype="text/html">&lt;p&gt;One mole of H2 has 6.022 × 1023 hydrogen atoms.&lt;/p&gt;</mattext>
          </material>
          <response_lid ident="response1" rcardinality="Single">
            <render_choice>
              <response_label ident="text2qti_choice_8078994bdc8ae520e7e8d09e58818ad77a04219ae213099b6d74170643e64d8b">
                <material>
                  <mattext texttype="text/html">&lt;p&gt;True&lt;/p&gt;</mattext>
                </material>
              </response_label>
              <response_label ident="text2qti_choice_0bcb340308780a0bd2fc66610d7407720a1c3e6007ecc16594ccc26c9c47f6a1">
                <material>
                  <mattext texttype="text/html">&lt;p&gt;False&lt;/p&gt;</mattext>
                </material>
              </response_label>
            </render_choice>
          </response_lid>
        </presentation>
        <resprocessing>
          <outcomes>
            <decvar maxvalue="100" minvalue="0" varname="SCORE" vartype="Decimal"/>
          </outcomes>
          <respcondition continue="No">
            <conditionvar>
              <varequal respident="response1">text2qti_choice_8078994bdc8ae520e7e8d09e58818ad77a04219ae213099b6d74170643e64d8b</varequal>
            </conditionvar>
            <setvar action="Set" varname="SCORE">100</setvar>
          </respcondition>
        </resprocessing>
      </item>
      <item ident="text2qti_question_c43f38a481719f62fcd60c15f1adaab76dda579dc6e7beed1115046b8bb29bc5" title="Question">
        <itemmetadata>
          <qtimetadata>
            <qtimetadatafield>
              <fieldlabel>question_type</fieldlabel>
              <fieldentry>true_false_question</fieldentry>
            </qtimetadatafield>
            <qtimetadatafield>
              <fieldlabel>points_possible</fieldlabel>
              <fieldentry>1</fieldentry>
            </qtimetadatafield>
            <qtimetadatafield>
              <fieldlabel>original_answer_ids</fieldlabel>
              <fieldentry>text2qti_choice_ddb58c6e2914e30b8a14238af3c2f6417ac129c482f08191da70854ff58f415e,text2qti_choice_0d0eb3201e22507fdfa0958f2e1cf62a38a20622f6ffda1968d3cd2cd3d64e6d</fieldentry>
            </qtimetadatafield>
            <qtimetadatafield>
              <fieldlabel>assessment_question_identifierref</fieldlabel>
              <fieldentry>text2qti_question_ref_c43f38a481719f62fcd60c15f1adaab76dda579dc6e7beed1115046b8bb29bc5</fieldentry>
            </qtimetadatafield>
          </qtimetadata>
        </itemmetadata>
        <presentation>
          <material>
            <mattext texttype="text/html">&lt;p&gt;The molecular mass of H2O is 18.0 amu.&lt;/p&gt;</mattext>
          </material>
          <response_lid ident="response1" rcardinality="Single">
            <render_choice>
              <response_label ident="text2qti_choice_ddb58c6e2914e30b8a14238af3c2f6417ac129c482f08191da70854ff58f415e">
                <material>
                  <mattext texttype="text/html">&lt;p&gt;True&lt;/p&gt;</mattext>
                </material>
              </response_label>
              <response_label ident="text2qti_choice_0d0eb3201e22507fdfa0958f2e1cf62a38a20622f6ffda1968d3cd2cd3d64e6d">
                <material>
                  <mattext texttype="text/html">&lt;p&gt;False&lt;/p&gt;</mattext>
                </material>
              </response_label>
            </render_choice>
          </response_lid>
        </presentation>
        <resprocessing>
          <outcomes>
            <decvar maxvalue="100" minvalue="0" varname="SCORE" vartype="Decimal"/>
          </outcomes>
          <respcondition continue="No">
            <conditionvar>
              <varequal respident="response1">text2qti_choice_ddb58c6e2914e30b8a14238af3c2f6417ac129c482f08191da70854ff58f415e</varequal>
            </conditionvar>
            <setvar action="Set" varname="SCORE">100</setvar>
          </respcondition>
        </resprocessing>
      </item>
      <item ident="text2qti_question_e545eded56969c02d8dfcded86d1cb188e131c8d7ed4870ae526b6450282baa1" title="Question">
        <itemmetadata>
          <qtimetadata>
            <qtimetadatafield>
              <fieldlabel>question_type</fieldlabel>
              <fieldentry>true_false_question</fieldentry>
            </qtimetadatafield>
            <qtimetadatafield>
              <fieldlabel>points_possible</fieldlabel>
              <fieldentry>1</fieldentry>
            </qtimetadatafield>
            <qtimetadatafield>
              <fieldlabel>original_answer_ids</fieldlabel>
              <fieldentry>text2qti_choice_cf9147090c4c69c2ac6c636a4f287f82ba2344a46786f400d7ab135ac78953a9,text2qti_choice_4139dd943b0a763b60343aa567e8cecd9df67dc51dcd996d89f160bb6cfb1bbd</fieldentry>
            </qtimetadatafield>
            <qtimetadatafield>
              <fieldlabel>assessment_question_identifierref</fieldlabel>
              <fieldentry>text2qti_question_ref_e545eded56969c02d8dfcded86d1cb188e131c8d7ed4870ae526b6450282baa1</fieldentry>
            </qtimetadatafield>
          </qtimetadata>
        </itemmetadata>
        <presentation>
          <material>
            <mattext texttype="text/html">&lt;p&gt;The formula mass of benzene (C6H6) is 78 amu.&lt;/p&gt;</mattext>
          </material>
          <response_lid ident="response1" rcardinality="Single">
            <render_choice>
              <response_label ident="text2qti_choice_cf9147090c4c69c2ac6c636a4f287f82ba2344a46786f400d7ab135ac78953a9">
                <material>
                  <mattext texttype="text/html">&lt;p&gt;True&lt;/p&gt;</mattext>
                </material>
              </response_label>
              <response_label ident="text2qti_choice_4139dd943b0a763b60343aa567e8cecd9df67dc51dcd996d89f160bb6cfb1bbd">
                <material>
                  <mattext texttype="text/html">&lt;p&gt;False&lt;/p&gt;</mattext>
                </material>
              </response_label>
            </render_choice>
          </response_lid>
        </presentation>
        <resprocessing>
          <outcomes>
            <decvar maxvalue="100" minvalue="0" varname="SCORE" vartype="Decimal"/>
          </outcomes>
          <respcondition continue="No">
            <conditionvar>
              <varequal respident="response1">text2qti_choice_cf9147090c4c69c2ac6c636a4f287f82ba2344a46786f400d7ab135ac78953a9</varequal>
            </conditionvar>
            <setvar action="Set" varname="SCORE">100</setvar>
          </respcondition>
        </resprocessing>
      </item>
      <item ident="text2qti_question_6ca85136ec38a8f51c6a84e5df62af9c6ee603928790f5ea405a368ae009e101" title="Question">
        <itemmetadata>
          <qtimetadata>
            <qtimetadatafield>
              <fieldlabel>question_type</fieldlabel>
              <fieldentry>multiple_choice_question</fieldentry>
            </qtimetadatafield>
            <qtimetadatafield>
              <fieldlabel>points_possible</fieldlabel>
              <fieldentry>1</fieldentry>
            </qtimetadatafield>
            <qtimetadatafield>
              <fieldlabel>original_answer_ids</fieldlabel>
              <fieldentry>text2qti_choice_054ceae83ee5bafb228f571af9fd70a536fc25abf44da7a6c6bb8e063c78e7c7,text2qti_choice_b25a27ef93f9674edb11475a94d18748b534a258e3b81ba162d5ebffd20ff74c,text2qti_choice_93008e861c7ffb77235f07cb3b3889fdc67d94b10eaf07fa3a41998d38592817,text2qti_choice_e4aaf1f6cac79d8ad4badf4363351975b1ad1b9904e1bcc6a8c08f5b2db6403e,text2qti_choice_d29b5c77a70b6bfabe1adc1d08de9023999b6136124eeeba06ff9124769e6e2c</fieldentry>
            </qtimetadatafield>
            <qtimetadatafield>
              <fieldlabel>assessment_question_identifierref</fieldlabel>
              <fieldentry>text2qti_question_ref_6ca85136ec38a8f51c6a84e5df62af9c6ee603928790f5ea405a368ae009e101</fieldentry>
            </qtimetadatafield>
          </qtimetadata>
        </itemmetadata>
        <presentation>
          <material>
            <mattext texttype="text/html">&lt;p&gt;What is the molar mass of the element oxygen?&lt;/p&gt;</mattext>
          </material>
          <response_lid ident="response1" rcardinality="Single">
            <render_choice>
              <response_label ident="text2qti_choice_054ceae83ee5bafb228f571af9fd70a536fc25abf44da7a6c6bb8e063c78e7c7">
                <material>
                  <mattext texttype="text/html">&lt;p&gt;12.01 g/mol&lt;/p&gt;</mattext>
                </material>
              </response_label>
              <response_label ident="text2qti_choice_b25a27ef93f9674edb11475a94d18748b534a258e3b81ba162d5ebffd20ff74c">
                <material>
                  <mattext texttype="text/html">&lt;p&gt;12.01 g&lt;/p&gt;</mattext>
                </material>
              </response_label>
              <response_label ident="text2qti_choice_93008e861c7ffb77235f07cb3b3889fdc67d94b10eaf07fa3a41998d38592817">
                <material>
                  <mattext texttype="text/html">&lt;p&gt;15.99 g&lt;/p&gt;</mattext>
                </material>
              </response_label>
              <response_label ident="text2qti_choice_e4aaf1f6cac79d8ad4badf4363351975b1ad1b9904e1bcc6a8c08f5b2db6403e">
                <material>
                  <mattext texttype="text/html">&lt;p&gt;15.99 mol&lt;/p&gt;</mattext>
                </material>
              </response_label>
              <response_label ident="text2qti_choice_d29b5c77a70b6bfabe1adc1d08de9023999b6136124eeeba06ff9124769e6e2c">
                <material>
                  <mattext texttype="text/html">&lt;p&gt;15.99 g/mol&lt;/p&gt;</mattext>
                </material>
              </response_label>
            </render_choice>
          </response_lid>
        </presentation>
        <resprocessing>
          <outcomes>
            <decvar maxvalue="100" minvalue="0" varname="SCORE" vartype="Decimal"/>
          </outcomes>
          <respcondition continue="No">
            <conditionvar>
              <varequal respident="response1">text2qti_choice_d29b5c77a70b6bfabe1adc1d08de9023999b6136124eeeba06ff9124769e6e2c</varequal>
            </conditionvar>
            <setvar action="Set" varname="SCORE">100</setvar>
          </respcondition>
        </resprocessing>
      </item>
      <item ident="text2qti_question_39e74c61eb4cbdc3649035708d5907df8f000a531412e457bb70cd1d24cebe25" title="Question">
        <itemmetadata>
          <qtimetadata>
            <qtimetadatafield>
              <fieldlabel>question_type</fieldlabel>
              <fieldentry>multiple_choice_question</fieldentry>
            </qtimetadatafield>
            <qtimetadatafield>
              <fieldlabel>points_possible</fieldlabel>
              <fieldentry>1</fieldentry>
            </qtimetadatafield>
            <qtimetadatafield>
              <fieldlabel>original_answer_ids</fieldlabel>
              <fieldentry>text2qti_choice_bc9d2090506b80d1576133ca850d15a88dbd62471804f7a1c8d2343d5a51e642,text2qti_choice_3fe8d7f4b7f6bf7b3c09d48a9989555f2b0fe6c0f7143cc65f3f79ce57b81f11,text2qti_choice_12073511120f79ce3cf1f35a911ff8c94d68bc4a035a246d0a81197ce7956ca8,text2qti_choice_47d9f3c1c28a6bfeaddedd079c293f3d20e71dfc7b4b996d7476136e8eed751a,text2qti_choice_6e4df826d52a93af187403fcbf2c39b9cb9846f689875779c1ca9c121076bf3e</fieldentry>
            </qtimetadatafield>
            <qtimetadatafield>
              <fieldlabel>assessment_question_identifierref</fieldlabel>
              <fieldentry>text2qti_question_ref_39e74c61eb4cbdc3649035708d5907df8f000a531412e457bb70cd1d24cebe25</fieldentry>
            </qtimetadatafield>
          </qtimetadata>
        </itemmetadata>
        <presentation>
          <material>
            <mattext texttype="text/html">&lt;p&gt;What is the molar mass of the compound potassium chloride (KCl)?&lt;/p&gt;</mattext>
          </material>
          <response_lid ident="response1" rcardinality="Single">
            <render_choice>
              <response_label ident="text2qti_choice_bc9d2090506b80d1576133ca850d15a88dbd62471804f7a1c8d2343d5a51e642">
                <material>
                  <mattext texttype="text/html">&lt;p&gt;39.10 g&lt;/p&gt;</mattext>
                </material>
              </response_label>
              <response_label ident="text2qti_choice_3fe8d7f4b7f6bf7b3c09d48a9989555f2b0fe6c0f7143cc65f3f79ce57b81f11">
                <material>
                  <mattext texttype="text/html">&lt;p&gt;35.45 g&lt;/p&gt;</mattext>
                </material>
              </response_label>
              <response_label ident="text2qti_choice_12073511120f79ce3cf1f35a911ff8c94d68bc4a035a246d0a81197ce7956ca8">
                <material>
                  <mattext texttype="text/html">&lt;p&gt;74.55 g&lt;/p&gt;</mattext>
                </material>
              </response_label>
              <response_label ident="text2qti_choice_47d9f3c1c28a6bfeaddedd079c293f3d20e71dfc7b4b996d7476136e8eed751a">
                <material>
                  <mattext texttype="text/html">&lt;p&gt;74.55 g/mol&lt;/p&gt;</mattext>
                </material>
              </response_label>
              <response_label ident="text2qti_choice_6e4df826d52a93af187403fcbf2c39b9cb9846f689875779c1ca9c121076bf3e">
                <material>
                  <mattext texttype="text/html">&lt;p&gt;39.10 g/mol&lt;/p&gt;</mattext>
                </material>
              </response_label>
            </render_choice>
          </response_lid>
        </presentation>
        <resprocessing>
          <outcomes>
            <decvar maxvalue="100" minvalue="0" varname="SCORE" vartype="Decimal"/>
          </outcomes>
          <respcondition continue="No">
            <conditionvar>
              <varequal respident="response1">text2qti_choice_47d9f3c1c28a6bfeaddedd079c293f3d20e71dfc7b4b996d7476136e8eed751a</varequal>
            </conditionvar>
            <setvar action="Set" varname="SCORE">100</setvar>
          </respcondition>
        </resprocessing>
      </item>
      <item ident="text2qti_question_47e238ff4f3006d5679aa4049a8345551616f0ecf5a01ff7f2f8f6e81009ae70" title="Question">
        <itemmetadata>
          <qtimetadata>
            <qtimetadatafield>
              <fieldlabel>question_type</fieldlabel>
              <fieldentry>multiple_choice_question</fieldentry>
            </qtimetadatafield>
            <qtimetadatafield>
              <fieldlabel>points_possible</fieldlabel>
              <fieldentry>1</fieldentry>
            </qtimetadatafield>
            <qtimetadatafield>
              <fieldlabel>original_answer_ids</fieldlabel>
              <fieldentry>text2qti_choice_838bf52affc16881a820235209a35ffbbbeec4e45a6fe546787591edce4b6db6,text2qti_choice_3801cf94354306715f045b44f1550b95c9dd757d728024db3147d2c97cb5b142,text2qti_choice_4238c8f34b65548aa07ac43b0fbcaf25dfc10f67f104decec784ceef1c7b278a,text2qti_choice_fd30f5676714df8d259367112345515625906afcb8d06e1cbaa720bcebef507d,text2qti_choice_22e9220f23e794b74eb15f27f5abcab7123d2ab064d28138e7e472d928e7e9dd</fieldentry>
            </qtimetadatafield>
            <qtimetadatafield>
              <fieldlabel>assessment_question_identifierref</fieldlabel>
              <fieldentry>text2qti_question_ref_47e238ff4f3006d5679aa4049a8345551616f0ecf5a01ff7f2f8f6e81009ae70</fieldentry>
            </qtimetadatafield>
          </qtimetadata>
        </itemmetadata>
        <presentation>
          <material>
            <mattext texttype="text/html">&lt;p&gt;What is the molar mass of the compound potassium oxide (K2O)?&lt;/p&gt;</mattext>
          </material>
          <response_lid ident="response1" rcardinality="Single">
            <render_choice>
              <response_label ident="text2qti_choice_838bf52affc16881a820235209a35ffbbbeec4e45a6fe546787591edce4b6db6">
                <material>
                  <mattext texttype="text/html">&lt;p&gt;94.2 g&lt;/p&gt;</mattext>
                </material>
              </response_label>
              <response_label ident="text2qti_choice_3801cf94354306715f045b44f1550b95c9dd757d728024db3147d2c97cb5b142">
                <material>
                  <mattext texttype="text/html">&lt;p&gt;94.2 mol&lt;/p&gt;</mattext>
                </material>
              </response_label>
              <response_label ident="text2qti_choice_4238c8f34b65548aa07ac43b0fbcaf25dfc10f67f104decec784ceef1c7b278a">
                <material>
                  <mattext texttype="text/html">&lt;p&gt;94.2 g/mol&lt;/p&gt;</mattext>
                </material>
              </response_label>
              <response_label ident="text2qti_choice_fd30f5676714df8d259367112345515625906afcb8d06e1cbaa720bcebef507d">
                <material>
                  <mattext texttype="text/html">&lt;p&gt;16.0 mol&lt;/p&gt;</mattext>
                </material>
              </response_label>
              <response_label ident="text2qti_choice_22e9220f23e794b74eb15f27f5abcab7123d2ab064d28138e7e472d928e7e9dd">
                <material>
                  <mattext texttype="text/html">&lt;p&gt;16.0 g/mol&lt;/p&gt;</mattext>
                </material>
              </response_label>
            </render_choice>
          </response_lid>
        </presentation>
        <resprocessing>
          <outcomes>
            <decvar maxvalue="100" minvalue="0" varname="SCORE" vartype="Decimal"/>
          </outcomes>
          <respcondition continue="No">
            <conditionvar>
              <varequal respident="response1">text2qti_choice_4238c8f34b65548aa07ac43b0fbcaf25dfc10f67f104decec784ceef1c7b278a</varequal>
            </conditionvar>
            <setvar action="Set" varname="SCORE">100</setvar>
          </respcondition>
        </resprocessing>
      </item>
      <item ident="text2qti_question_f0678e33ffca136b7f0a803fd8ec0999b7eda05e26bb06d7c10311bb3bda86e7" title="Question">
        <itemmetadata>
          <qtimetadata>
            <qtimetadatafield>
              <fieldlabel>question_type</fieldlabel>
              <fieldentry>multiple_choice_question</fieldentry>
            </qtimetadatafield>
            <qtimetadatafield>
              <fieldlabel>points_possible</fieldlabel>
              <fieldentry>1</fieldentry>
            </qtimetadatafield>
            <qtimetadatafield>
              <fieldlabel>original_answer_ids</fieldlabel>
              <fieldentry>text2qti_choice_c04aaf2c21a62f6d0475091745fa3c05668b4d924b45c113acc2a55db4024d3b,text2qti_choice_42d0a0648537da0a50895d5332c5dd646aef03c059c39a9959181c50db3812a7,text2qti_choice_cc7921afa3884c15edb51fa400036910c839d9b8960e4e4415794834bca0a9e5,text2qti_choice_f7d222aa2f00885b6f4bd98a38bf7268a08fcf7d3635196fa6ccb98674eca056,text2qti_choice_bebd8063e4dd3a78265eab35e73113423f6536bddb08ec0ecc509528fd695b4b</fieldentry>
            </qtimetadatafield>
            <qtimetadatafield>
              <fieldlabel>assessment_question_identifierref</fieldlabel>
              <fieldentry>text2qti_question_ref_f0678e33ffca136b7f0a803fd8ec0999b7eda05e26bb06d7c10311bb3bda86e7</fieldentry>
            </qtimetadatafield>
          </qtimetadata>
        </itemmetadata>
        <presentation>
          <material>
            <mattext texttype="text/html">&lt;p&gt;What is the molar mass of the compound sodium cyanide (NaCN)?&lt;/p&gt;</mattext>
          </material>
          <response_lid ident="response1" rcardinality="Single">
            <render_choice>
              <response_label ident="text2qti_choice_c04aaf2c21a62f6d0475091745fa3c05668b4d924b45c113acc2a55db4024d3b">
                <material>
                  <mattext texttype="text/html">&lt;p&gt;26.01 g&lt;/p&gt;</mattext>
                </material>
              </response_label>
              <response_label ident="text2qti_choice_42d0a0648537da0a50895d5332c5dd646aef03c059c39a9959181c50db3812a7">
                <material>
                  <mattext texttype="text/html">&lt;p&gt;14.01 g/mol&lt;/p&gt;</mattext>
                </material>
              </response_label>
              <response_label ident="text2qti_choice_cc7921afa3884c15edb51fa400036910c839d9b8960e4e4415794834bca0a9e5">
                <material>
                  <mattext texttype="text/html">&lt;p&gt;22.9 g&lt;/p&gt;</mattext>
                </material>
              </response_label>
              <response_label ident="text2qti_choice_f7d222aa2f00885b6f4bd98a38bf7268a08fcf7d3635196fa6ccb98674eca056">
                <material>
                  <mattext texttype="text/html">&lt;p&gt;49.01 g/mol&lt;/p&gt;</mattext>
                </material>
              </response_label>
              <response_label ident="text2qti_choice_bebd8063e4dd3a78265eab35e73113423f6536bddb08ec0ecc509528fd695b4b">
                <material>
                  <mattext texttype="text/html">&lt;p&gt;22.99 g/mol&lt;/p&gt;</mattext>
                </material>
              </response_label>
            </render_choice>
          </response_lid>
        </presentation>
        <resprocessing>
          <outcomes>
            <decvar maxvalue="100" minvalue="0" varname="SCORE" vartype="Decimal"/>
          </outcomes>
          <respcondition continue="No">
            <conditionvar>
              <varequal respident="response1">text2qti_choice_f7d222aa2f00885b6f4bd98a38bf7268a08fcf7d3635196fa6ccb98674eca056</varequal>
            </conditionvar>
            <setvar action="Set" varname="SCORE">100</setvar>
          </respcondition>
        </resprocessing>
      </item>
      <item ident="text2qti_question_7f2f37052e87ab84173c4e82d1939f28c41da4e85f708699e5a697cf138a1f19" title="Question">
        <itemmetadata>
          <qtimetadata>
            <qtimetadatafield>
              <fieldlabel>question_type</fieldlabel>
              <fieldentry>multiple_choice_question</fieldentry>
            </qtimetadatafield>
            <qtimetadatafield>
              <fieldlabel>points_possible</fieldlabel>
              <fieldentry>1</fieldentry>
            </qtimetadatafield>
            <qtimetadatafield>
              <fieldlabel>original_answer_ids</fieldlabel>
              <fieldentry>text2qti_choice_72bb29dad726aa69d2d10ec08ccbbdff6d9f102bf3642ce42af267d015bd2451,text2qti_choice_ee17b208868c76c3fca2e07e6845ad828d8a890cfc8634cba3873b6c28532edd,text2qti_choice_e4ba7f0b9ce2ace5aaf4fd93cad931ef4eaa5f6fe46dcab522d3980c69ce1b47,text2qti_choice_6be4c60ed02e2a415d2c6027b05d4a2147cc016328e0eeedeebf15d6115e47ed,text2qti_choice_4b2ff31c0b875d2ff8ecd3bca270daa7291b3a81a050f77356eccd7cc66b87a5</fieldentry>
            </qtimetadatafield>
            <qtimetadatafield>
              <fieldlabel>assessment_question_identifierref</fieldlabel>
              <fieldentry>text2qti_question_ref_7f2f37052e87ab84173c4e82d1939f28c41da4e85f708699e5a697cf138a1f19</fieldentry>
            </qtimetadatafield>
          </qtimetadata>
        </itemmetadata>
        <presentation>
          <material>
            <mattext texttype="text/html">&lt;p&gt;What is the molar mass of the compound aluminum nitrate [Al(NO3)3]?&lt;/p&gt;</mattext>
          </material>
          <response_lid ident="response1" rcardinality="Single">
            <render_choice>
              <response_label ident="text2qti_choice_72bb29dad726aa69d2d10ec08ccbbdff6d9f102bf3642ce42af267d015bd2451">
                <material>
                  <mattext texttype="text/html">&lt;p&gt;26.01 g&lt;/p&gt;</mattext>
                </material>
              </response_label>
              <response_label ident="text2qti_choice_ee17b208868c76c3fca2e07e6845ad828d8a890cfc8634cba3873b6c28532edd">
                <material>
                  <mattext texttype="text/html">&lt;p&gt;14.01 g/mol&lt;/p&gt;</mattext>
                </material>
              </response_label>
              <response_label ident="text2qti_choice_e4ba7f0b9ce2ace5aaf4fd93cad931ef4eaa5f6fe46dcab522d3980c69ce1b47">
                <material>
                  <mattext texttype="text/html">&lt;p&gt;22.9 g&lt;/p&gt;</mattext>
                </material>
              </response_label>
              <response_label ident="text2qti_choice_6be4c60ed02e2a415d2c6027b05d4a2147cc016328e0eeedeebf15d6115e47ed">
                <material>
                  <mattext texttype="text/html">&lt;p&gt;49.01 g/mol&lt;/p&gt;</mattext>
                </material>
              </response_label>
              <response_label ident="text2qti_choice_4b2ff31c0b875d2ff8ecd3bca270daa7291b3a81a050f77356eccd7cc66b87a5">
                <material>
                  <mattext texttype="text/html">&lt;p&gt;22.99 g/mol&lt;/p&gt;</mattext>
                </material>
              </response_label>
            </render_choice>
          </response_lid>
        </presentation>
        <resprocessing>
          <outcomes>
            <decvar maxvalue="100" minvalue="0" varname="SCORE" vartype="Decimal"/>
          </outcomes>
          <respcondition continue="No">
            <conditionvar>
              <varequal respident="response1">text2qti_choice_6be4c60ed02e2a415d2c6027b05d4a2147cc016328e0eeedeebf15d6115e47ed</varequal>
            </conditionvar>
            <setvar action="Set" varname="SCORE">100</setvar>
          </respcondition>
        </resprocessing>
      </item>
      <item ident="text2qti_question_54e81801f122400ce9f3d17f726024ad5084b7a8fa38c051c19263b6a702a02e" title="Question">
        <itemmetadata>
          <qtimetadata>
            <qtimetadatafield>
              <fieldlabel>question_type</fieldlabel>
              <fieldentry>multiple_choice_question</fieldentry>
            </qtimetadatafield>
            <qtimetadatafield>
              <fieldlabel>points_possible</fieldlabel>
              <fieldentry>1</fieldentry>
            </qtimetadatafield>
            <qtimetadatafield>
              <fieldlabel>original_answer_ids</fieldlabel>
              <fieldentry>text2qti_choice_f246ac97f4ca7f128ad8ebe2f8af49184f1bcaca4df3255ea241151067767f42,text2qti_choice_acb2897e8a12a211bc3a3d885bc6e71a031207122811dedc48cb2d86feadfabe,text2qti_choice_e8953aec5ae4bbd623f82cea6275cbfde4d28d43586b467320549e7fd7a0fd82,text2qti_choice_8c70ba19019dc805428b9b7302c11ba0bdd30003e2286020b5931bb5ec3d685f,text2qti_choice_c81ba14a0592749bc3ebe6d2f8fb35da85767ab27282fdfa9d496b4ebf3c54db</fieldentry>
            </qtimetadatafield>
            <qtimetadatafield>
              <fieldlabel>assessment_question_identifierref</fieldlabel>
              <fieldentry>text2qti_question_ref_54e81801f122400ce9f3d17f726024ad5084b7a8fa38c051c19263b6a702a02e</fieldentry>
            </qtimetadatafield>
          </qtimetadata>
        </itemmetadata>
        <presentation>
          <material>
            <mattext texttype="text/html">&lt;p&gt;What is the correct number of formula units of 5.00 x 10^2 g calcium oxide (CaO)&lt;/p&gt;</mattext>
          </material>
          <response_lid ident="response1" rcardinality="Single">
            <render_choice>
              <response_label ident="text2qti_choice_f246ac97f4ca7f128ad8ebe2f8af49184f1bcaca4df3255ea241151067767f42">
                <material>
                  <mattext texttype="text/html">&lt;p&gt;5.37 x 10^24&lt;/p&gt;</mattext>
                </material>
              </response_label>
              <response_label ident="text2qti_choice_acb2897e8a12a211bc3a3d885bc6e71a031207122811dedc48cb2d86feadfabe">
                <material>
                  <mattext texttype="text/html">&lt;p&gt;5.37&lt;/p&gt;</mattext>
                </material>
              </response_label>
              <response_label ident="text2qti_choice_e8953aec5ae4bbd623f82cea6275cbfde4d28d43586b467320549e7fd7a0fd82">
                <material>
                  <mattext texttype="text/html">&lt;p&gt;6.022 x 10^23&lt;/p&gt;</mattext>
                </material>
              </response_label>
              <response_label ident="text2qti_choice_8c70ba19019dc805428b9b7302c11ba0bdd30003e2286020b5931bb5ec3d685f">
                <material>
                  <mattext texttype="text/html">&lt;p&gt;40.08&lt;/p&gt;</mattext>
                </material>
              </response_label>
              <response_label ident="text2qti_choice_c81ba14a0592749bc3ebe6d2f8fb35da85767ab27282fdfa9d496b4ebf3c54db">
                <material>
                  <mattext texttype="text/html">&lt;p&gt;4.008 x 10^23&lt;/p&gt;</mattext>
                </material>
              </response_label>
            </render_choice>
          </response_lid>
        </presentation>
        <resprocessing>
          <outcomes>
            <decvar maxvalue="100" minvalue="0" varname="SCORE" vartype="Decimal"/>
          </outcomes>
          <respcondition continue="No">
            <conditionvar>
              <varequal respident="response1">text2qti_choice_f246ac97f4ca7f128ad8ebe2f8af49184f1bcaca4df3255ea241151067767f42</varequal>
            </conditionvar>
            <setvar action="Set" varname="SCORE">100</setvar>
          </respcondition>
        </resprocessing>
      </item>
      <item ident="text2qti_question_c2608146001ba47340e88ab4116b23002d99be5f79bc0a5a06d534a9ea604ede" title="Question">
        <itemmetadata>
          <qtimetadata>
            <qtimetadatafield>
              <fieldlabel>question_type</fieldlabel>
              <fieldentry>multiple_choice_question</fieldentry>
            </qtimetadatafield>
            <qtimetadatafield>
              <fieldlabel>points_possible</fieldlabel>
              <fieldentry>1</fieldentry>
            </qtimetadatafield>
            <qtimetadatafield>
              <fieldlabel>original_answer_ids</fieldlabel>
              <fieldentry>text2qti_choice_3fe719ffa50b29c692e108ada252171de03727bf84964f589e70d5b2c101a8f1,text2qti_choice_b6aee614d102188ed061c020d0455609004f3fed0350d745dd542cc5ca911a0a,text2qti_choice_7f1106dc8682f21c7fc10d7ed079dba40cd7bc6cf3e7b9443cb91f391099d581,text2qti_choice_895648bfd9cf87e483c9081c81a6642b852b9c28ade2a1ff6fee9392d955f9b0,text2qti_choice_1a0796a3f4f1f11e72bfbefc13a62e3f9906547e02b5d20951464bf1bec7d41e</fieldentry>
            </qtimetadatafield>
            <qtimetadatafield>
              <fieldlabel>assessment_question_identifierref</fieldlabel>
              <fieldentry>text2qti_question_ref_c2608146001ba47340e88ab4116b23002d99be5f79bc0a5a06d534a9ea604ede</fieldentry>
            </qtimetadatafield>
          </qtimetadata>
        </itemmetadata>
        <presentation>
          <material>
            <mattext texttype="text/html">&lt;p&gt;What is the correct number of molecules of 5.00 x 10^2 g carbon dioxide (CO2)?&lt;/p&gt;</mattext>
          </material>
          <response_lid ident="response1" rcardinality="Single">
            <render_choice>
              <response_label ident="text2qti_choice_3fe719ffa50b29c692e108ada252171de03727bf84964f589e70d5b2c101a8f1">
                <material>
                  <mattext texttype="text/html">&lt;p&gt;6.022 x 10^23&lt;/p&gt;</mattext>
                </material>
              </response_label>
              <response_label ident="text2qti_choice_b6aee614d102188ed061c020d0455609004f3fed0350d745dd542cc5ca911a0a">
                <material>
                  <mattext texttype="text/html">&lt;p&gt;6.84 x 10^24&lt;/p&gt;</mattext>
                </material>
              </response_label>
              <response_label ident="text2qti_choice_7f1106dc8682f21c7fc10d7ed079dba40cd7bc6cf3e7b9443cb91f391099d581">
                <material>
                  <mattext texttype="text/html">&lt;p&gt;6.022 x 10^-23&lt;/p&gt;</mattext>
                </material>
              </response_label>
              <response_label ident="text2qti_choice_895648bfd9cf87e483c9081c81a6642b852b9c28ade2a1ff6fee9392d955f9b0">
                <material>
                  <mattext texttype="text/html">&lt;p&gt;6.84&lt;/p&gt;</mattext>
                </material>
              </response_label>
              <response_label ident="text2qti_choice_1a0796a3f4f1f11e72bfbefc13a62e3f9906547e02b5d20951464bf1bec7d41e">
                <material>
                  <mattext texttype="text/html">&lt;p&gt;-6.84 x 10^23&lt;/p&gt;</mattext>
                </material>
              </response_label>
            </render_choice>
          </response_lid>
        </presentation>
        <resprocessing>
          <outcomes>
            <decvar maxvalue="100" minvalue="0" varname="SCORE" vartype="Decimal"/>
          </outcomes>
          <respcondition continue="No">
            <conditionvar>
              <varequal respident="response1">text2qti_choice_b6aee614d102188ed061c020d0455609004f3fed0350d745dd542cc5ca911a0a</varequal>
            </conditionvar>
            <setvar action="Set" varname="SCORE">100</setvar>
          </respcondition>
        </resprocessing>
      </item>
      <item ident="text2qti_question_c67090bfce43570425aaf2e0e171a367a10ced8a4985ca77ebdae7be804d064c" title="Question">
        <itemmetadata>
          <qtimetadata>
            <qtimetadatafield>
              <fieldlabel>question_type</fieldlabel>
              <fieldentry>multiple_choice_question</fieldentry>
            </qtimetadatafield>
            <qtimetadatafield>
              <fieldlabel>points_possible</fieldlabel>
              <fieldentry>1</fieldentry>
            </qtimetadatafield>
            <qtimetadatafield>
              <fieldlabel>original_answer_ids</fieldlabel>
              <fieldentry>text2qti_choice_e7d244c488769eff97a5832c23ebe0af56ae765c3e0babad4c495cb45cf1e14a,text2qti_choice_c6c08ea9277abc58b04152a10fb0786491cd8befde6a9e66c8d63ee7fc0b48c0,text2qti_choice_b2dcb92786286a1b8d67319ce5868f4ac9417c9b030aa21b0c959982c4ecf0e2,text2qti_choice_c91d28ed3784267a367e915e2780107869b6d720075cf17abca3a4354eb41361,text2qti_choice_fc1ddaef64de7888fda2b06e2f2e3b59e348e37ab9e8019b34cc1935922ba0fb</fieldentry>
            </qtimetadatafield>
            <qtimetadatafield>
              <fieldlabel>assessment_question_identifierref</fieldlabel>
              <fieldentry>text2qti_question_ref_c67090bfce43570425aaf2e0e171a367a10ced8a4985ca77ebdae7be804d064c</fieldentry>
            </qtimetadatafield>
          </qtimetadata>
        </itemmetadata>
        <presentation>
          <material>
            <mattext texttype="text/html">&lt;p&gt;Calculate the mass in grams of 0.520 mol N2O4&lt;/p&gt;</mattext>
          </material>
          <response_lid ident="response1" rcardinality="Single">
            <render_choice>
              <response_label ident="text2qti_choice_e7d244c488769eff97a5832c23ebe0af56ae765c3e0babad4c495cb45cf1e14a">
                <material>
                  <mattext texttype="text/html">&lt;p&gt;14.01 g&lt;/p&gt;</mattext>
                </material>
              </response_label>
              <response_label ident="text2qti_choice_c6c08ea9277abc58b04152a10fb0786491cd8befde6a9e66c8d63ee7fc0b48c0">
                <material>
                  <mattext texttype="text/html">&lt;p&gt;64.0 g/mol&lt;/p&gt;</mattext>
                </material>
              </response_label>
              <response_label ident="text2qti_choice_b2dcb92786286a1b8d67319ce5868f4ac9417c9b030aa21b0c959982c4ecf0e2">
                <material>
                  <mattext texttype="text/html">&lt;p&gt;47.9 mol&lt;/p&gt;</mattext>
                </material>
              </response_label>
              <response_label ident="text2qti_choice_c91d28ed3784267a367e915e2780107869b6d720075cf17abca3a4354eb41361">
                <material>
                  <mattext texttype="text/html">&lt;p&gt;47.9 g&lt;/p&gt;</mattext>
                </material>
              </response_label>
              <response_label ident="text2qti_choice_fc1ddaef64de7888fda2b06e2f2e3b59e348e37ab9e8019b34cc1935922ba0fb">
                <material>
                  <mattext texttype="text/html">&lt;p&gt;24.18 g&lt;/p&gt;</mattext>
                </material>
              </response_label>
            </render_choice>
          </response_lid>
        </presentation>
        <resprocessing>
          <outcomes>
            <decvar maxvalue="100" minvalue="0" varname="SCORE" vartype="Decimal"/>
          </outcomes>
          <respcondition continue="No">
            <conditionvar>
              <varequal respident="response1">text2qti_choice_c91d28ed3784267a367e915e2780107869b6d720075cf17abca3a4354eb41361</varequal>
            </conditionvar>
            <setvar action="Set" varname="SCORE">100</setvar>
          </respcondition>
        </resprocessing>
      </item>
      <item ident="text2qti_question_65a1b48e43d12260907eed4518a2a5abbb701bdbd4661eb4294d5acfa069bdbc" title="Question">
        <itemmetadata>
          <qtimetadata>
            <qtimetadatafield>
              <fieldlabel>question_type</fieldlabel>
              <fieldentry>multiple_choice_question</fieldentry>
            </qtimetadatafield>
            <qtimetadatafield>
              <fieldlabel>points_possible</fieldlabel>
              <fieldentry>1</fieldentry>
            </qtimetadatafield>
            <qtimetadatafield>
              <fieldlabel>original_answer_ids</fieldlabel>
              <fieldentry>text2qti_choice_730fe540a876b2c8649cbb18f83169f4816807214dc857fc8b1776dd22a70672,text2qti_choice_a24c8dee32acaecd8c44f31202efe39e3c3cb2368a2f7aebc8208e250c1272c8,text2qti_choice_038364612ea17f78b93477892bcd430537ba55b00eb90f5d06589d190fa79189,text2qti_choice_7af10827c52601077f09572556c4bfa21e6e1db90aab1293548e81bccd12b397,text2qti_choice_c9240c965033d2134c33a8b953b1def4a39e83a0856492c9f11d6987a2fc985e</fieldentry>
            </qtimetadatafield>
            <qtimetadatafield>
              <fieldlabel>assessment_question_identifierref</fieldlabel>
              <fieldentry>text2qti_question_ref_65a1b48e43d12260907eed4518a2a5abbb701bdbd4661eb4294d5acfa069bdbc</fieldentry>
            </qtimetadatafield>
          </qtimetadata>
        </itemmetadata>
        <presentation>
          <material>
            <mattext texttype="text/html">&lt;p&gt;Calculate the mass in grams 4.62 mol of (NH4)2SO3&lt;/p&gt;</mattext>
          </material>
          <response_lid ident="response1" rcardinality="Single">
            <render_choice>
              <response_label ident="text2qti_choice_730fe540a876b2c8649cbb18f83169f4816807214dc857fc8b1776dd22a70672">
                <material>
                  <mattext texttype="text/html">&lt;p&gt;98.1 g&lt;/p&gt;</mattext>
                </material>
              </response_label>
              <response_label ident="text2qti_choice_a24c8dee32acaecd8c44f31202efe39e3c3cb2368a2f7aebc8208e250c1272c8">
                <material>
                  <mattext texttype="text/html">&lt;p&gt;116 g&lt;/p&gt;</mattext>
                </material>
              </response_label>
              <response_label ident="text2qti_choice_038364612ea17f78b93477892bcd430537ba55b00eb90f5d06589d190fa79189">
                <material>
                  <mattext texttype="text/html">&lt;p&gt;4.62 g&lt;/p&gt;</mattext>
                </material>
              </response_label>
              <response_label ident="text2qti_choice_7af10827c52601077f09572556c4bfa21e6e1db90aab1293548e81bccd12b397">
                <material>
                  <mattext texttype="text/html">&lt;p&gt;537 g&lt;/p&gt;</mattext>
                </material>
              </response_label>
              <response_label ident="text2qti_choice_c9240c965033d2134c33a8b953b1def4a39e83a0856492c9f11d6987a2fc985e">
                <material>
                  <mattext texttype="text/html">&lt;p&gt;537 g/mol&lt;/p&gt;</mattext>
                </material>
              </response_label>
            </render_choice>
          </response_lid>
        </presentation>
        <resprocessing>
          <outcomes>
            <decvar maxvalue="100" minvalue="0" varname="SCORE" vartype="Decimal"/>
          </outcomes>
          <respcondition continue="No">
            <conditionvar>
              <varequal respident="response1">text2qti_choice_7af10827c52601077f09572556c4bfa21e6e1db90aab1293548e81bccd12b397</varequal>
            </conditionvar>
            <setvar action="Set" varname="SCORE">100</setvar>
          </respcondition>
        </resprocessing>
      </item>
      <item ident="text2qti_question_8c7b7046e5b8637c9b54521e7b1b3b10515bb8316311bcfc7afbf6155dfaba48" title="Question">
        <itemmetadata>
          <qtimetadata>
            <qtimetadatafield>
              <fieldlabel>question_type</fieldlabel>
              <fieldentry>multiple_choice_question</fieldentry>
            </qtimetadatafield>
            <qtimetadatafield>
              <fieldlabel>points_possible</fieldlabel>
              <fieldentry>1</fieldentry>
            </qtimetadatafield>
            <qtimetadatafield>
              <fieldlabel>original_answer_ids</fieldlabel>
              <fieldentry>text2qti_choice_0a69da81c9c5d0c711bb465321db57807d778c8281e1313e680a2c7672997356,text2qti_choice_3006142d2e3086753ae283d5a10306317f41b5889d868838e17afa9309ded9b6,text2qti_choice_e09d2299d41e762fc1d7473cbafb9cd527ac14e5d6c80bb2fded5e610edc2054,text2qti_choice_9b6d82f239c12bfb629c623df940956fa8b8c839a9bc7c86930c8bb2f081f37e,text2qti_choice_7893ac66f1033cd5073774ce1eb6e4e94a165a7c589445f8df5facef252973b9</fieldentry>
            </qtimetadatafield>
            <qtimetadatafield>
              <fieldlabel>assessment_question_identifierref</fieldlabel>
              <fieldentry>text2qti_question_ref_8c7b7046e5b8637c9b54521e7b1b3b10515bb8316311bcfc7afbf6155dfaba48</fieldentry>
            </qtimetadatafield>
          </qtimetadata>
        </itemmetadata>
        <presentation>
          <material>
            <mattext texttype="text/html">&lt;p&gt;What is the total number of molecules in 2.48 g of HBr&lt;/p&gt;</mattext>
          </material>
          <response_lid ident="response1" rcardinality="Single">
            <render_choice>
              <response_label ident="text2qti_choice_0a69da81c9c5d0c711bb465321db57807d778c8281e1313e680a2c7672997356">
                <material>
                  <mattext texttype="text/html">&lt;p&gt;2.48&lt;/p&gt;</mattext>
                </material>
              </response_label>
              <response_label ident="text2qti_choice_3006142d2e3086753ae283d5a10306317f41b5889d868838e17afa9309ded9b6">
                <material>
                  <mattext texttype="text/html">&lt;p&gt;3.69 x 10^22&lt;/p&gt;</mattext>
                </material>
              </response_label>
              <response_label ident="text2qti_choice_e09d2299d41e762fc1d7473cbafb9cd527ac14e5d6c80bb2fded5e610edc2054">
                <material>
                  <mattext texttype="text/html">&lt;p&gt;1.85 x 10^22&lt;/p&gt;</mattext>
                </material>
              </response_label>
              <response_label ident="text2qti_choice_9b6d82f239c12bfb629c623df940956fa8b8c839a9bc7c86930c8bb2f081f37e">
                <material>
                  <mattext texttype="text/html">&lt;p&gt;6.022 x 10^23&lt;/p&gt;</mattext>
                </material>
              </response_label>
              <response_label ident="text2qti_choice_7893ac66f1033cd5073774ce1eb6e4e94a165a7c589445f8df5facef252973b9">
                <material>
                  <mattext texttype="text/html">&lt;p&gt;1.49 x 10^24&lt;/p&gt;</mattext>
                </material>
              </response_label>
            </render_choice>
          </response_lid>
        </presentation>
        <resprocessing>
          <outcomes>
            <decvar maxvalue="100" minvalue="0" varname="SCORE" vartype="Decimal"/>
          </outcomes>
          <respcondition continue="No">
            <conditionvar>
              <varequal respident="response1">text2qti_choice_e09d2299d41e762fc1d7473cbafb9cd527ac14e5d6c80bb2fded5e610edc2054</varequal>
            </conditionvar>
            <setvar action="Set" varname="SCORE">100</setvar>
          </respcondition>
        </resprocessing>
      </item>
      <item ident="text2qti_question_2023060e779f818cf52799fdf1c4917d98c23b34ebc31ff201411c5be8cf1134" title="Question">
        <itemmetadata>
          <qtimetadata>
            <qtimetadatafield>
              <fieldlabel>question_type</fieldlabel>
              <fieldentry>multiple_choice_question</fieldentry>
            </qtimetadatafield>
            <qtimetadatafield>
              <fieldlabel>points_possible</fieldlabel>
              <fieldentry>1</fieldentry>
            </qtimetadatafield>
            <qtimetadatafield>
              <fieldlabel>original_answer_ids</fieldlabel>
              <fieldentry>text2qti_choice_492ec94bef18d3a824d1a2024c1fa42ae2bf5f7753f8fed635697ed1ab8a48e4,text2qti_choice_159cb5238292979c434461716379164fd5ee62db37d12ba82f09a3bff1cbff5e,text2qti_choice_27f0887f1a15a985f03828d2a8deb205975f1e7bf22a79b432e7ec5b4703d8d5,text2qti_choice_3b98ff6641fe6ac1c62966e9a9e70d8c35ca690a379c1ac5717c3b8e73a3f9c0,text2qti_choice_058b30e9e7ea053a8635e0adfc6ee1cf8f3a1e282622b119907d7e4440489f4b</fieldentry>
            </qtimetadatafield>
            <qtimetadatafield>
              <fieldlabel>assessment_question_identifierref</fieldlabel>
              <fieldentry>text2qti_question_ref_2023060e779f818cf52799fdf1c4917d98c23b34ebc31ff201411c5be8cf1134</fieldentry>
            </qtimetadatafield>
          </qtimetadata>
        </itemmetadata>
        <presentation>
          <material>
            <mattext texttype="text/html">&lt;p&gt;What is the total number of atoms in the mass of HBr in the previous question?&lt;/p&gt;</mattext>
          </material>
          <response_lid ident="response1" rcardinality="Single">
            <render_choice>
              <response_label ident="text2qti_choice_492ec94bef18d3a824d1a2024c1fa42ae2bf5f7753f8fed635697ed1ab8a48e4">
                <material>
                  <mattext texttype="text/html">&lt;p&gt;2.48&lt;/p&gt;</mattext>
                </material>
              </response_label>
              <response_label ident="text2qti_choice_159cb5238292979c434461716379164fd5ee62db37d12ba82f09a3bff1cbff5e">
                <material>
                  <mattext texttype="text/html">&lt;p&gt;3.69 x 10^22&lt;/p&gt;</mattext>
                </material>
              </response_label>
              <response_label ident="text2qti_choice_27f0887f1a15a985f03828d2a8deb205975f1e7bf22a79b432e7ec5b4703d8d5">
                <material>
                  <mattext texttype="text/html">&lt;p&gt;1.85 x 10^22&lt;/p&gt;</mattext>
                </material>
              </response_label>
              <response_label ident="text2qti_choice_3b98ff6641fe6ac1c62966e9a9e70d8c35ca690a379c1ac5717c3b8e73a3f9c0">
                <material>
                  <mattext texttype="text/html">&lt;p&gt;6.022 x 10^23&lt;/p&gt;</mattext>
                </material>
              </response_label>
              <response_label ident="text2qti_choice_058b30e9e7ea053a8635e0adfc6ee1cf8f3a1e282622b119907d7e4440489f4b">
                <material>
                  <mattext texttype="text/html">&lt;p&gt;1.49 x 10^24&lt;/p&gt;</mattext>
                </material>
              </response_label>
            </render_choice>
          </response_lid>
        </presentation>
        <resprocessing>
          <outcomes>
            <decvar maxvalue="100" minvalue="0" varname="SCORE" vartype="Decimal"/>
          </outcomes>
          <respcondition continue="No">
            <conditionvar>
              <varequal respident="response1">text2qti_choice_159cb5238292979c434461716379164fd5ee62db37d12ba82f09a3bff1cbff5e</varequal>
            </conditionvar>
            <setvar action="Set" varname="SCORE">100</setvar>
          </respcondition>
        </resprocessing>
      </item>
      <item ident="text2qti_question_0fdfe0d968876edec6bec117fbf237d2acd815c2d53dd9de7c8036fbd5d240b6" title="Question">
        <itemmetadata>
          <qtimetadata>
            <qtimetadatafield>
              <fieldlabel>question_type</fieldlabel>
              <fieldentry>multiple_choice_question</fieldentry>
            </qtimetadatafield>
            <qtimetadatafield>
              <fieldlabel>points_possible</fieldlabel>
              <fieldentry>1</fieldentry>
            </qtimetadatafield>
            <qtimetadatafield>
              <fieldlabel>original_answer_ids</fieldlabel>
              <fieldentry>text2qti_choice_77d94397fc2e105aca1d8b76f94c48f839b23292c273a41507e1364456c47d63,text2qti_choice_401e6e6831196be592d2fb1cafe835d055cf5f9f412b242038deb2e380cc6c1e,text2qti_choice_38d1d5d6bc5712930d0eeb91490525196d775a873813656c700117ae8681718b,text2qti_choice_6ddde12e3e55d1c28af5a45ae6657c1632dca260c62701acb25260f513ed01a0,text2qti_choice_633cc0fd7873264002a73b100db0a1ce4236b3bc2278f72c1738501c4c3e5131</fieldentry>
            </qtimetadatafield>
            <qtimetadatafield>
              <fieldlabel>assessment_question_identifierref</fieldlabel>
              <fieldentry>text2qti_question_ref_0fdfe0d968876edec6bec117fbf237d2acd815c2d53dd9de7c8036fbd5d240b6</fieldentry>
            </qtimetadatafield>
          </qtimetadata>
        </itemmetadata>
        <presentation>
          <material>
            <mattext texttype="text/html">&lt;p&gt;What is the total number of formula units in 1.89 g of NaOH?&lt;/p&gt;</mattext>
          </material>
          <response_lid ident="response1" rcardinality="Single">
            <render_choice>
              <response_label ident="text2qti_choice_77d94397fc2e105aca1d8b76f94c48f839b23292c273a41507e1364456c47d63">
                <material>
                  <mattext texttype="text/html">&lt;p&gt;2.84 x 10^22&lt;/p&gt;</mattext>
                </material>
              </response_label>
              <response_label ident="text2qti_choice_401e6e6831196be592d2fb1cafe835d055cf5f9f412b242038deb2e380cc6c1e">
                <material>
                  <mattext texttype="text/html">&lt;p&gt;8.54 x 10^22&lt;/p&gt;</mattext>
                </material>
              </response_label>
              <response_label ident="text2qti_choice_38d1d5d6bc5712930d0eeb91490525196d775a873813656c700117ae8681718b">
                <material>
                  <mattext texttype="text/html">&lt;p&gt;4.72 x 10^23&lt;/p&gt;</mattext>
                </material>
              </response_label>
              <response_label ident="text2qti_choice_6ddde12e3e55d1c28af5a45ae6657c1632dca260c62701acb25260f513ed01a0">
                <material>
                  <mattext texttype="text/html">&lt;p&gt;40.00&lt;/p&gt;</mattext>
                </material>
              </response_label>
              <response_label ident="text2qti_choice_633cc0fd7873264002a73b100db0a1ce4236b3bc2278f72c1738501c4c3e5131">
                <material>
                  <mattext texttype="text/html">&lt;p&gt;2.84&lt;/p&gt;</mattext>
                </material>
              </response_label>
            </render_choice>
          </response_lid>
        </presentation>
        <resprocessing>
          <outcomes>
            <decvar maxvalue="100" minvalue="0" varname="SCORE" vartype="Decimal"/>
          </outcomes>
          <respcondition continue="No">
            <conditionvar>
              <varequal respident="response1">text2qti_choice_77d94397fc2e105aca1d8b76f94c48f839b23292c273a41507e1364456c47d63</varequal>
            </conditionvar>
            <setvar action="Set" varname="SCORE">100</setvar>
          </respcondition>
        </resprocessing>
      </item>
      <item ident="text2qti_question_40febc665b51733cc746c8f5066f35c274c923a821430c2cb7909e306a0e579c" title="Question">
        <itemmetadata>
          <qtimetadata>
            <qtimetadatafield>
              <fieldlabel>question_type</fieldlabel>
              <fieldentry>multiple_choice_question</fieldentry>
            </qtimetadatafield>
            <qtimetadatafield>
              <fieldlabel>points_possible</fieldlabel>
              <fieldentry>1</fieldentry>
            </qtimetadatafield>
            <qtimetadatafield>
              <fieldlabel>original_answer_ids</fieldlabel>
              <fieldentry>text2qti_choice_0f5d7f819945603766f4dcd2a99c9a3d143c04827b4cf6ecbf22cced5571d395,text2qti_choice_cc8526e3ffe09767938dce1795a2508143e3c7e44785e9c295591ebaa07aac30,text2qti_choice_8dc2fca2a82c95dc6ef6703fece5a1dd6cbc10e83c9956aea9920098296e3e73,text2qti_choice_caaf194a2168de00724b0785e91e04041fea7d07d5c197eb2a73e39f97aa32e5,text2qti_choice_fdf5fb424df9c5ca7b177917c4a7510333a00f2afd72cb685af2a1034a466951</fieldentry>
            </qtimetadatafield>
            <qtimetadatafield>
              <fieldlabel>assessment_question_identifierref</fieldlabel>
              <fieldentry>text2qti_question_ref_40febc665b51733cc746c8f5066f35c274c923a821430c2cb7909e306a0e579c</fieldentry>
            </qtimetadatafield>
          </qtimetadata>
        </itemmetadata>
        <presentation>
          <material>
            <mattext texttype="text/html">&lt;p&gt;What is the total number of atoms in the mass of NaOH in the previous question?&lt;/p&gt;</mattext>
          </material>
          <response_lid ident="response1" rcardinality="Single">
            <render_choice>
              <response_label ident="text2qti_choice_0f5d7f819945603766f4dcd2a99c9a3d143c04827b4cf6ecbf22cced5571d395">
                <material>
                  <mattext texttype="text/html">&lt;p&gt;2.84 x 10^22&lt;/p&gt;</mattext>
                </material>
              </response_label>
              <response_label ident="text2qti_choice_cc8526e3ffe09767938dce1795a2508143e3c7e44785e9c295591ebaa07aac30">
                <material>
                  <mattext texttype="text/html">&lt;p&gt;8.54 x 10^22&lt;/p&gt;</mattext>
                </material>
              </response_label>
              <response_label ident="text2qti_choice_8dc2fca2a82c95dc6ef6703fece5a1dd6cbc10e83c9956aea9920098296e3e73">
                <material>
                  <mattext texttype="text/html">&lt;p&gt;4.72 x 10^23&lt;/p&gt;</mattext>
                </material>
              </response_label>
              <response_label ident="text2qti_choice_caaf194a2168de00724b0785e91e04041fea7d07d5c197eb2a73e39f97aa32e5">
                <material>
                  <mattext texttype="text/html">&lt;p&gt;40.00&lt;/p&gt;</mattext>
                </material>
              </response_label>
              <response_label ident="text2qti_choice_fdf5fb424df9c5ca7b177917c4a7510333a00f2afd72cb685af2a1034a466951">
                <material>
                  <mattext texttype="text/html">&lt;p&gt;2.84&lt;/p&gt;</mattext>
                </material>
              </response_label>
            </render_choice>
          </response_lid>
        </presentation>
        <resprocessing>
          <outcomes>
            <decvar maxvalue="100" minvalue="0" varname="SCORE" vartype="Decimal"/>
          </outcomes>
          <respcondition continue="No">
            <conditionvar>
              <varequal respident="response1">text2qti_choice_cc8526e3ffe09767938dce1795a2508143e3c7e44785e9c295591ebaa07aac30</varequal>
            </conditionvar>
            <setvar action="Set" varname="SCORE">100</setvar>
          </respcondition>
        </resprocessing>
      </item>
    </section>
  </assessment>
</questestinterop>
